,hashtags/0
FAIRdata,410
NewSpecies,255
FAIR,154
OpenScience,79
FAIRData,73
codata,57
EOSC,53
DataValues,49
data,49
FDO2022,46
dataset,34
WorldFAIR,33
openscience,32
fairdata,26
NewDataset,26
RDM,24
OpenData,23
ETD2022,22
researchdata,18
research,17
BiCIKL_H2020,17
opendata,17
FairData,17
biodiversity,15
eln,14
LoveData23,14
datamanagement,14
sdms,13
OpenAccess,13
metadata,13
ImmPortDB,12
DataScience,12
AI,12
openaccess,11
NFDI,10
ISTSS2022,9
ResearchData,9
FAIRDataDay,9
FAIRcookbook,9
PIDs,8
LoveDataWeek,8
BioTechX,8
IoT,8
ICRI2022,8
DataManagement,7
Data,7
dkNET,7
DataIntegration,7
DYK,7
NIHData,7
lifesciences,7
BioDT,7
TDWIUpside,6
stellenangebot,6
FAIRness,6
NIH_SPARC,6
FAIRDigitalObjects,6
Treatment,6
AGU22,6
eoscsymposium22,6
FAIRprinciples,6
AtoZofFAIR,6
Lotico,6
SemanticEnrichment,6
NIH,5
analytics,5
HTNNow,5
DutchDataPrize,5
Forschungsdaten,5
GDSS22,5
EOSCTripartite,5
bigdata,5
opensource,4
HMCFAIRFriday,4
semantic,4
interoperability,4
weekendreading,4
EmpoweredAds,4
OAWeek,4
DataAct,4
FAIRmat,4
datascience,4
FDM,4
ResearchDataManagement,4
TDWG2022,4
exposome,4
DeSci,4
SmartCon,4
EOSCSymposium22,4
fair,4
EOSCsymposium22,4
Biodiversity,4
tutorial,4
Bridge2AI,4
OpenResearch,4
datasets,3
JobOpportunity,3
Crustmas,3
MAQC22,3
EPH2022,3
PAG30,3
researcher,3
training,3
Etsin,3
conference,3
FAIRDATA,3
OA,3
datasharing,3
PNDB,3
knowledgegraphs,3
chemistry,3
reproducibility,3
science,3
EOSCPillarFC,3
video,3
SSH,3
dsc,3
chemtwitter,3
survey,3
DataStewardship,3
BiotechX,3
SQL,3
RSECon22,3
eResearchNZ2023,3
researchculture,3
datasteward,3
GeoMinK√∂ln,3
CellBio2022,3
FairDataDay,3
ZPID,3
digitaltwins,3
Caf√©sRenatis,3
OpenAccessWeek2022,3
MaterialsScience,3
workshop,3
healthdata,3
COP15,3
DataManagementPlan,3
BackToSchool,3
digitalhumanities,3
microbiome,3
EOSCSymposium2022,3
bioinformatics,3
Digitalgipfel,3
CDIMonthlyMeeting,2
longitudinal,2
climate,2
Web3,2
vacature,2
GaiaX,2
Health,2
openresearch,2
Openscience,2
GGP5D,2
ESCAPEtotheFuture,2
OpenAccessWeek,2
ITHEUM,2
OceanTraining2023,2
citizenscience,2
Symbiota,2
datasaveslives,2
FAIRresearchdata,2
ts10fest,2
sci2sci,2
EIFL_OSbootcamp,2
PharmaTecSeries22,2
EOSCNordic,2
AtoZofFair,2
web3,2
scienceouverte,2
PharmaData,2
RDMservices,2
vocabularies,2
scidatacon,2
digital,2
HICSS56,2
FundingOpp,2
FVM,2
BigData,2
ORE,2
healthcare,2
GR15,2
LUH,2
openaccessweek,2
Interoperability,2
CESSDATraining,2
ClimateJobsJustice,2
enRichMyData,2
ETHWarsaw,2
EMBS55,2
IA,2
GXFSConnect2022,2
osf2022de,2
OSF2022NL,2
EMODnetBioTips,2
ENDORSE2023,2
dsmz,2
FAIRsharingCommunityCurator,2
OAweek,2
callforpapers,2
datarevolution,2
IndabaXGhana22,2
DataFuturesLab,2
WEDF2022,2
ODISSEI2022,2
Genomics,2
datavalues,2
infrastructure,2
Chemotion,2
lotico,2
bioRxiv,2
ontologies4chem,2
EGD2022,2
FAIR4RS,2
PowerOfData22,2
jobopportunity,2
PharmaTecSeries23,2
DataSteward,2
FDZamIQB,2
FHIR,2
SaveTheDate,2
bioplastics,2
OnTheCover,2
Archaeology,2
InternationalYouthDay,2
open,2
DataReuse,2
Fair,2
Genetic,2
genomics,2
Pisa,2
Research,2
DigitalExtendedSpecimen,2
DataUnions,2
GSA2022,2
SC22,2
Opendata,2
AquaINFRA,2
istss2022,2
Training,2
dataser,2
GSoC2023,2
PharmatecSeries23,2
StateOfOpenData,2
DataSnacks,2
HorizonEU,2
SCAR2022,2
gtl,2
DataSharing,2
Financial,2
LifeSciences,2
Tokenisation,2
AAIC2022,2
SARSCoV2,2
iochem_bd,2
DataRevolution,2
Smartcon,2
ISME18,2
AR6,2
NFDI4Chem,2
ANR,2
EarthScienceData,2
DatasetOfTheWeek,2
International,2
OpenSource,2
maskotlib,2
publication,2
webinar,2
DOI,2
jobs,2
datacitation,2
Bioinformatics,2
Forschungsdatenmanagement,2
nfdirocks,2
Education,2
Job,2
IceCubeNGC1068,2
EUDAT,2
biodiversitydata,2
OneHealth,2
futureofdata,2
DataHorrorWeek,2
ChatGPT,2
dx100Symposium,2
ResearchInfrastructures,2
GDPR,2
ScienceOuverte,2
newsletter,2
GLODAP,2
genetic,2
cheminformatics,2
Denmark,2
MolecularDynamics,2
NDAP,2
DRR,2
latinamerica,2
recerca,2
ML,2
podcast,2
Hackathons,1
dataeconomy,1
YRECroatia,1
vokazomerstage,1
VR,1
MaRDI,1
Interoperable,1
SDI,1
IPRlegacy,1
semanticweb,1
Science,1
PROVIDE,1
VLIZ,1
drugdiscovery,1
AGORA,1
HumanRights,1
persistentidentifiers,1
FAIRtraining,1
FAIR4Chem,1
recognitionandrewards,1
IrppsCNR,1
UNGA77,1
Rulebook,1
StoriesOfData,1
Dr_Ola_Awad,1
LODISNI,1
FAIRCookbook,1
marine,1
Heidelberg,1
EUDATConference2022,1
Findable,1
HMCconf2022,1
infectiousdiseases,1
NationalHealthyLungMonth2022,1
IOPAN,1
DHSsummit22,1
Today,1
phytolith,1
openGLAM,1
DataDocumentation,1
ECR,1
Ci√®nciaOberta,1
D4N2022,1
ISPOREurope,1
Synchronisation,1
Bioinformatician,1
HEALInitiative,1
PARC,1
BYCOVIDagm22,1
PARCdataPolicy,1
CIDOC_CRM,1
Shimmer,1
paperinaday,1
MaterialsDataMonth,1
biorxiv_bioinfo,1
microbiomes,1
letstalkdata,1
biosimilars,1
Fairdata,1
FAIR4ML,1
EducationLeadership,1
Bucharest,1
CRM,1
standards,1
interoperabilidadsemantica,1
JISA2022,1
image,1
electronmicroscopy,1
LOD,1
tutkimusaineisto,1
homeconneta,1
SOOS_DATAMonday,1
ASHG22,1
UoAOAWeek,1
oajaaber,1
DataAccess,1
SaxFdm,1
DataCite22,1
EGI2022,1
aop,1
humanitiesdata,1
linguists,1
English,1
quae_open,1
FDOForum,1
neurons,1
KGF22,1
citationalism,1
Wikidata,1
DigitalWorkplace,1
mdpivaccines,1
DataArchivingGuide,1
ResearchProjects,1
cloud,1
GoBucks,1
DON2022,1
XNATWorkshop2022,1
CallforProposals,1
digitalscholarship,1
NTUsgOpenResearch,1
ChasConf2022,1
NHR,1
Agritech,1
BioImageAnalysis,1
PrideAtWork,1
humanities,1
surveillance,1
measurements,1
F2DS,1
scientificdata,1
ict,1
reproducible,1
German,1
Metadaten,1
RamanSchool2022,1
LOGS,1
MetSoc2022,1
PlantBioinfoPF,1
helmholtz_HMC2022,1
SeqCode,1
DrugDiscovery,1
knowledgegraph,1
dataunions,1
Leone,1
mindfulness,1
Sustainability,1
MaterialScience,1
DataLiteracy,1
MaDiPHS,1
RDNL,1
datainfra,1
finance,1
TRC,1
SSh,1
perspective,1
worthreading,1
datamanagment,1
ComputationalModels,1
datacuration,1
ecprgc22,1
LinkedLifeInventory,1
neuroscience,1
COVID19,1
KnowledgeGraphs,1
Energy,1
avointiede,1
ScenarioServices,1
Gen3,1
neuroimaging,1
NBOX,1
FrogFriday,1
iRODSUGM,1
ONTOFORCE,1
ethcc,1
nonpredatory,1
processintelligence,1
GeneFlow,1
SEO,1
Personium,1
Seagrass,1
preprints,1
cartoon,1
EventAlert,1
PoweredByPolygon,1
MetadataMatters,1
WashingtonUniversity,1
scientific,1
researchmetrics,1
AAIC22,1
BestPractices,1
Marketplace,1
KuroshioCurrent,1
esof2022,1
Publications,1
EUOpenDataDays,1
pharma,1
DH,1
Knowledge,1
Evolution,1
words,1
sea,1
AMSA2022,1
animalhealth,1
MEDINworkshop,1
Analytics,1
GoFAIR,1
BioIT,1
memefriday,1
university,1
RIDE,1
BiCIKL_2020,1
NaturalScience,1
dermatitis,1
freedom,1
publishing,1
buwlog,1
Theses,1
trusted,1
opensciencedaySLO,1
caets2022,1
EKAW2022,1
Opinion,1
Nadinesa,1
Newsletter,1
accessibilty,1
GA4GH10thPlenary,1
help,1
luncburn,1
Iran,1
wikinaturalists,1
PeerReviewWeek22,1
DPGs4DPI,1
DESIRa,1
RenewableEnergy,1
EBW22,1
DeSIRA,1
UWADataWeek22,1
infogov,1
altcoin,1
DataSpaces,1
OS,1
uwaresearchimpactseries,1
RechercheDataGouv,1
RSEng,1
processmining,1
CESSDA,1
Semantics,1
Join,1
HPC,1
nfdi4chen,1
semantics,1
RT,1
pregnancy,1
OpenScienceDashboards,1
Stellenangebot,1
zorg,1
SOCIB,1
MIF2022,1
ai,1
IDAGlobalSurvey,1
KGF,1
DataGovernance,1
ECCB2022,1
school,1
EAA2022,1
Linked,1
MDPIPublications,1
PharmatecSeries22,1
ResearchCBGP,1
semanticmodel,1
Keynote,1
OxfordGlobal,1
HNB2022,1
NFDI4Earth,1
openglam,1
OpenAPI,1
ASSEGNI,1
PPGCI,1
spectral,1
OSF2022nl,1
FrictionlessData,1
SayNoMore,1
biologics,1
OwnYourData,1
Ecosystem,1
Datenkurator,1
FDA,1
UWAdataweek22,1
security,1
DataFAIR,1
OpenFest,1
OPEN,1
openresearchshef,1
DatenDonnerstag,1
RDCADAP,1
dapp,1
digipres,1
iPres2022,1
microservices,1
ESS,1
Datenschutz,1
WROpenAH,1
PaNOSCsumerschool,1
kickoff,1
artsorakelet,1
Bullrun,1
mdpipublications,1
DOE,1
biotechx,1
bioimage,1
licences,1
CES2023w3T,1
PATTERN,1
itheum,1
researchInfrastructure,1
schema,1
INQUIRE,1
Fridayreads,1
Industrial,1
DOME40,1
FMI,1
DataServices,1
2022Highlights,1
swarm,1
CloudComputing,1
jobfairy,1
academictwitter,1
robellus,1
datapapers,1
SensorNetworks,1
HealthData,1
FOG2023,1
RADx,1
PopulationGenetic,1
NOSI,1
fdz,1
Handle,1
Inquire,1
A2CPS,1
immunohistochemistry,1
DataTrain,1
bioeconomy,1
MIxS,1
podcasts,1
FAIRtools,1
sparql,1
OpenAI,1
Duchenne,1
FAIRsharing,1
supercomputing,1
LISjobsIE,1
biocurator,1
infectiousdisease,1
T1D,1
Tribology,1
Dokumentation,1
RDAPlenary,1
musicologie,1
Integrity,1
worldheritage,1
Openaccess,1
hydroponics,1
sensorynerves,1
CarlyBRobinson,1
omics,1
mynkl,1
SwarmOdyssey2023,1
CulturesAI2212,1
Rbloggers,1
DigitalHealth,1
CESSDASpotlight,1
dataspaces,1
VI_PKOS,1
MASA,1
OntoCommons,1
datsaet,1
fair_data_n_fake_Causer,1
radonc,1
jc3dshs,1
bestpractices,1
NSRR,1
LinkAhead,1
DataSnack,1
European,1
Computational,1
donn√©esdelarecherche,1
collections,1
knetminerbeta,1
healthdatapanels,1
DataLibs,1
PhD,1
ArtTechChat,1
DataResource,1
dataliteracy,1
Datenmanagement,1
RafflesBulletinofZoology,1
3ddata,1
fishmas,1
InChI,1
Skills4EOSC,1
Dateninfrastruktur,1
OpenPharma,1
DMP,1
accessible,1
Athens,1
IPFS,1
marda,1
decentralized,1
Bibliotheken,1
chemists,1
OpenDate,1
openscienceforopendata,1
CEO,1
QLM2023,1
OMENGFF,1
PsychArchives,1
AADOCR2023,1
Bigdata,1
PsychNotebook,1
ARPES,1
rahuldravid,1
ecommerce,1
OpenBioDiv,1
Reproducible,1
biomedical,1
CoolVendor,1
LappsQuay,1
OpenDataDays,1
Base4NFDI,1
OneForestSummit,1
qualitative,1
H2020,1
DataForum2023,1
SiLA,1
OxFOS23,1
GBILNMA2023,1
fair_data,1
LindsayTodman,1
cropresearch,1
scientists,1
Metadata,1
IARC,1
digitalpreservation,1
ontarioneedsappraisers,1
datadocumentation,1
FAIRDataFund,1
EngineeringSciences,1
FoodSecurity,1
ResponsibleAI,1
CommentFaire,1
Chemistry,1
AgoraCatalog,1
ORD,1
SABIO,1
CannabisCommunity,1
Upcoming,1
lovedataweek,1
CallForTenders,1
PARCWebinars,1
Community,1
ImagingCommunity,1
PMWC23,1
Genetics,1
microbial,1
nfdi,1
BacDive,1
medicalimaging,1
SheffieldORDA,1
kickOff,1
OpenScienceUN,1
EuroScienceGateway,1
GREI,1
ValentinesDay,1
Vacature,1
access,1
CISO,1
datasShepherd,1
DataIngestion,1
DigitalTwins,1
physics,1
NetCDF,1
IMPaCTData,1
GO_PEG,1
Fair4ChemAward,1
DataCompetence,1
OpenKnowledge,1
VRW,1
1Patient1Record4Belgium,1
EAA2023,1
DataAnalysis,1
fairdataday,1
spreadsheets,1
UNLOCKtober,1
OpenAccessWeek22,1
SciDataCon,1
ESCAPE,1
cotonouscienceouverte,1
fdo,1
RIs,1
BioDataPT,1
CODATA,1
ClimateJustice,1
eRImote,1
CotonouScienceOuverte,1
HDDD,1
domaining,1
RDAwebinar,1
agriculture,1
Forschung,1
Scientific,1
Wageningen,1
HubInfo,1
Donn√©esDeRecherche,1
JednickyaNuly,1
Bioscence,1
community,1
ASHG,1
FDO,1
SemanaAccesoAbierto,1
Adobe,1
DATA,1
AI4LIFE,1
ThrowbackThursday,1
malaria,1
ArtificialIntelligence,1
scientitsts,1
BiasedData,1
culturalheritage,1
cotonouscienceouverte2022,1
CulturalHeritage,1
digitaltransformation,1
CotonouScienceOuverte2022,1
openScience,1
datastewards,1
PublicHealth,1
Antarctica,1
services,1
FAIRDataVisiting,1
PAGrade9,1
Nakala,1
TenSimpleRules,1
apispecs2022,1
beFAIRandCARE,1
AIDrugDiscovery,1
Prague,1
NFDI4chem,1
Guatemala,1
MetaDaily,1
BeilsteinNanoinformatics,1
GNDforum,1
Video,1
desci,1
esp22europe,1
MachineLearning,1
ElonMusk,1
EO,1
EBIF2022,1
breakingnews,1
archaeology,1
rstats,1
OpenResearchIE,1
ùêùùêöùê≠ùêöùê¶ùêöùêßùêöùê†ùêûùê¶ùêûùêßùê≠,1
RareDiseases,1
ogbsc,1
eResAU2022,1
regulatoryscience,1
HappeningNow,1
dataresources,1
sealevelrise,1
APDDAP,1
UGORA2022,1
JornadesCi√®nciaCiutadana,1
DataHour,1
OpenResearchRoadmap,1
BiodiversityData,1
RADAR4Culture,1
archivalgossip,1
semweb,1
JornadesImatgeiRecerca,1
SEDIMARK,1
Team,1
FairDataday,1
Blockchain,1
EcologyMetz2022,1
RDR,1
sustainability,1
DMPs,1
CoffeeLecture,1
DEX,1
expat,1
FAIRprinciple,1
oscg,1
attribution,1
PersistentIdentifiers,1
GRNET,1
MousePhenomeDB,1
taxonomy,1
xxviencuentrointernacionalinvestigacionencuidados,1
datacommunity,1
UpdatedDataset,1
EOSCSymposium,1
DAPHNE4NFDI,1
recherche,1
CNI22f,1
elektronimusiikki,1
RWTHAachen,1
PaN,1
diamondOA,1
BYOData,1
datareports,1
LunchLehre,1
sovereignty,1
researchdatamanagement,1
fundresearchsoftware,1
terminology,1
WeAreTUDublin,1
DataCall,1
donn√©e,1
Diversity,1
CETAF52,1
hiring,1
1255PalmRidge,1
EU_RIs,1
Gilead,1
GitHub,1
DataSovereignty,1
KnowledgeGraph,1
emblphdsymposium,1
BioTech,1
Geovistory,1
fungifriday,1
Hochschule,1
DataInfrastructure,1
SEMIC2022,1
AAS2022,1
DataDive,1
OneHealthDay,1
semantictechnology,1
metadatamonday,1
BBTitans,1
POLIS22,1
opedata,1
MatterIssue41,1
DPA2022,1
EBRAINS,1
GOLD,1
iRODSCommunity,1
MExPlatform,1
BioHackEU22,1
WomenInSTEM,1
Digitalisierung,1
CommunityOfPractice,1
FAIRprinciplies,1
SFN22,1
PUNCHLunch,1
ODISummit2022,1
Sekund√§ranalyse,1
FAIRDataSpaces,1
DataManagementPlans,1
ReproHack,1
Basel,1
Bremen,1
MTSR22,1
dati,1
online,1
EGW2022,1
datiBeneComune,1
seasnails,1
Semantic,1
CurrencyGradeData,1
