,0
FAIRdata,1603
OpenScience,427
FAIR,382
NewSpecies,258
FAIRData,196
opendata,157
data,151
OpenData,141
EOSC,137
fairdata,129
openscience,123
biodiversity,119
RDM,113
conservation,110
Biodiversity,109
nature,97
datascience,90
codata,69
Nature,66
Conservation,65
DataValues,64
DataScience,62
FDO2022,61
research,58
researchdata,48
OpenAccess,45
FDM,45
Treatment,44
FairData,41
dataset,40
WorldFAIR,38
datamanagement,37
AI,36
Data,36
eln,35
metadata,34
BiCIKL_H2020,33
openaccess,32
LoveData23,31
sdms,31
DataManagement,28
NFDI,27
ETD2022,27
lims,27
FAIRDigitalObjects,27
NewDataset,26
scientificdata,24
ImmPortDB,24
science,22
ResearchData,22
datarepository,21
reproducibility,20
taxa,20
FAIRprinciples,19
digitaltwins,18
opensource,17
CESSDATraining,17
datasharing,16
ResearchDataManagement,16
ISTSS2022,16
LoveDataWeek,16
FrogFriday,16
EOSCTripartite,15
DutchDataPrize,15
FAIRcookbook,15
Web3,15
FungiFriday,15
DMP,15
PIDs,14
repositories,14
fair,14
FAIRDataDay,14
Fairdata,14
TDWG2022,14
neuroscience,14
NIHData,13
interoperability,13
NIH_SPARC,13
Forschungsdaten,12
Crustmas,12
taxonomy,12
lifesciences,12
DataSharing,12
BioDT,11
researchers,11
RDNL,11
OA,11
OpenResearch,11
MachineLearning,11
chemtwitter,11
EOSCSymposium22,10
OAWeek,10
exposome,10
standards,10
ELN,10
chemistry,10
FAIRness,10
immunology,10
jobs,10
OpenSource,10
DataStewardship,10
ArtificialIntelligence,9
BioTechX,9
EcologyTwitter,9
FundingOpp,9
ML,9
weekendreading,9
dkNET,9
Research,9
knowledgegraphs,9
ICRI2022,9
Bioinformatics,8
VertebrateZoology,8
reusability,8
Chemistry,8
IoT,8
AGU22,8
Botany,8
ethics,8
IoTCommunity,8
bioinformatics,8
IIoT,8
DYK,8
COVID19,8
MaterialsScience,8
infrastructure,8
HPC,8
eoscsymposium22,7
healthcare,7
Forschung,7
ResearchInfrastructures,7
IoTCL,7
OneHealth,7
jobfairy,7
GDSS22,7
innovation,7
DataIntegration,7
Interoperability,7
webinar,7
IoTPL,7
web3,7
PharmaTecSeries22,7
FASEBDataWorks,7
EOSCsymposium22,7
DataViz,7
HorizonEU,7
FAIRmat,7
Reproducibility,7
bigdata,6
rdm,6
myFAIRdata,6
Forschungsdatenmanagement,6
LifeSciences,6
EPH2022,6
semantic,6
DigitalTwins,6
OpenAccessWeek,6
Plovdiv,6
myfairdata,6
training,6
EOSCPillarFC,6
datadocumentation,6
openresearch,6
EngineeringSciences,6
datasets,6
TDWIUpside,6
knowledgegraph,6
marinescience,6
researchdatamanagement,6
NIHdata,6
SemanticEnrichment,6
stellenangebot,6
Lotico,6
DeSci,6
analytics,6
ScienceOuverte,6
AtoZofFAIR,6
SSH,6
dataeconomy,6
machinelearning,6
FAIRsoftware,5
dataanalysis,5
culturalheritage,5
GDPR,5
repository,5
FAIRDATA,5
ZPID,5
GaiaX,5
DataSteward,5
NFDIrocks,5
Bridge2AI,5
researchinfrastructures,5
Metadata,5
datasaveslives,5
drugdiscovery,5
FairDataDay,5
HMCFAIRFriday,5
CellBio2022,5
HTNNow,5
genomics,5
JobFairy,5
SmartCon,5
NIH,5
BigData,5
Openscience,5
insects,5
RDF,5
Taxonomy,5
blockchain,5
DataAct,5
AcademicTwitter,5
datastewardship,5
Training,5
linkeddata,5
DataManagementPlan,5
datastorage,5
publishing,5
EOSCSymposium2022,5
psychology,5
FAIRification,5
WormWednesday,5
LinkedOpenData,5
RafflesBulletinofZoology,5
cheminformatics,5
ontologies,5
SharedData,5
biomedical,4
Tokenisation,4
plants,4
ai,4
ExpertConnect,4
Open,4
EarthScienceData,4
ArthropodSystematicsPhylogeny,4
SciTwitter,4
DataSpaces,4
COP15,4
workshop,4
Genomics,4
biobanking,4
tutorial,4
marinedatasharing,4
DataReuse,4
eosc,4
Bibliotheken,4
neuroinformagical,4
PNDB,4
marine,4
Science,4
video,4
healthdata,4
podcast,4
IndabaXGhana22,4
OAWeek2022,4
dataintegration,4
scienceouverte,4
ISME18,4
Ireland,4
OpenAccessWeek2022,4
university,4
LOGS,4
openposition,4
digitalhumanities,4
lingdata,4
datacuration,4
privacy,4
datasteward,4
Archaeology,4
CotonouScienceOuverte2022,4
WEDF2022,4
eResearchNZ2023,4
T1D,4
Repositories,4
Earneco,4
services,4
EmpoweredAds,4
Champions,4
H2020,4
open,4
PharmaData,4
OAWeek22,4
RDA,4
Crypto,4
OpenPeerReview,4
dsmz,4
GSA2022,3
biotechx,3
SQL,3
Opendata,3
digitaltwin,3
AIDrugDiscovery,3
Software,3
Portugal,3
publicengagement,3
tools,3
datareuse,3
InstitutionalRepositories,3
FAIRDataSpaces,3
survey,3
Hochschule,3
ESCAPEtotheFuture,3
Ocean,3
registries,3
Wildflowers,3
DataPrivacy,3
NorthAtlantic,3
datastewards,3
DataQuality,3
Biology,3
SaveTheDate,3
BiodiversityData,3
CulturalHeritage,3
semantics,3
researchculture,3
Standards,3
digitalhealth,3
DH,3
CAREdata,3
cancer,3
SIF2022,3
pharma,3
Sustainability,3
LIMS,3
GLODAP,3
donn√©es,3
Energy,3
InfraTalk,3
ecprgc22,3
Daten,3
AcademicChatter,3
Germany,3
Salud,3
PersistentIdentifiers,3
DataCommons,3
crypto,3
DFG,3
controlledvocabularies,3
Environment,3
openeducation,3
eResearchNZ,3
Sensitive,3
smartdata,3
FarEasternEntomologist,3
materials,3
EMODnet,3
datasciencecentral,3
citizenscience,3
researchinfrastructure,3
BYCOVIDagm22,3
infrastructures,3
semanticweb,3
NeuroTwitter,3
GeoMinK√∂ln,3
DataFuturesLab,3
RSECon22,3
ASHG22,3
KGF22,3
lifescience,3
Wikidata,3
Symbiota,3
MAQC22,3
ODISSEI2022,3
nfdirocks,3
HEALInitiative,3
linguistics,3
FAIRtraining,3
BackToSchool,3
Semantics,3
openpeerreview,3
ci√®nciaoberta,3
datavalues,3
zooplankton,3
CartograPlant,3
school,3
digipres,3
vacature,3
FAIR_data,3
trusted,3
FAIRPrinciples,3
OSF2022NL,3
Ethereum,3
meteorites,3
PowerOfData22,3
newsletter,3
Spider,3
IA,3
wildflower,3
datacitation,3
conference,3
wildflowers,3
DOI,3
researcher,3
microbiome,3
dsc,3
EU_RIs,3
BiotechX,3
JobOpportunity,3
PAG30,3
DataAnalysis,3
Etsin,3
Caf√©sRenatis,3
Digitalgipfel,3
Health,3
FAIRsharing,3
ORE,3
DatasetOfTheWeek,3
FAIRtools,3
bioplastics,3
digital,3
EuroScienceGateway,3
Chemotion,3
Job,3
MolecularDynamics,3
scientists,3
√©coinformatique,2
IPCC,2
DON2022,2
GBIF,2
FAIRplus,2
networking,2
AMSA2022,2
GalaxyEcology,2
OceanTraining2023,2
EOSCNordic,2
AMP2022,2
iochem_bd,2
Knowledge,2
EMODnetBioTips,2
ubuntu,2
Reuse,2
DataAccess,2
salurbal,2
Tcell,2
ScaryTale,2
B2SHARE,2
enRichMyData,2
DigitalTwin,2
Wissenschaft,2
EIFL_OSbootcamp,2
InternationalYouthDay,2
Biodiverstiy,2
dataliteracy,2
artificialintelligence,2
IceCubeNGC1068,2
imaging,2
EUResearchArea,2
DataEthics,2
itheum,2
AAIC2022,2
WAHIS,2
CIDOC_CRM,2
ETHWarsaw,2
freedom,2
SciComm,2
Financial,2
OnTheCover,2
dataser,2
FAIR4ML,2
CentralPortal,2
Openaccess,2
SCAR2022,2
iPres2022,2
Water,2
photon,2
Nutrition,2
researchpractice,2
dataintegrity,2
governance,2
OneGeochemistry,2
Antibody,2
PARC,2
geochemistry,2
FHIR,2
wageningen,2
inclusive,2
LOD,2
FAIRsharingCommunityCurator,2
PhD,2
bioRxiv,2
hardware,2
International,2
SARSCoV2,2
datapolicy,2
Poland,2
ScienceTwitter,2
CDIMonthlyMeeting,2
Skills4EOSC,2
DigitalExtendedSpecimen,2
openGLAM,2
Findable,2
phytolith,2
tribology,2
IOPAN,2
EMBS55,2
FAIRresearchdata,2
oneNFDI,2
Online,2
DataRevolution,2
NaturalHistory,2
ts10fest,2
DataServices,2
PharmaTecSeries23,2
autonomicnervoussystem,2
EGD2022,2
zorg,2
naturalhistory,2
DataUnions,2
Genetic,2
Metaverse4business,2
NDAP,2
2022Highlights,2
SARSANI,2
Denmark,2
Ingestion,2
fdm,2
CESSDA,2
Metadaten,2
Smartcon,2
DataLiteracy,2
Funding,2
Atlantic,2
DataRepositories,2
researchorganisations,2
KnowledgeGraphs,2
trends,2
datarevolution,2
avointiede,2
futureofdata,2
GR15,2
HICSS56,2
Food,2
SfN22,2
fossilfriday,2
ZoologicalSystematics,2
dissertations,2
EUfunded,2
SfN2022,2
cetacean,2
archives,2
DCAT,2
vocabularies,2
sci2sci,2
trust,2
GLAM,2
AtoZofFair,2
UNGA77,2
discoverability,2
JournalofNaturalHistory,2
engineering,2
MarineData,2
Nachnutzbarkeit,2
datamanagers,2
neutron,2
ces2023,2
Pisa,2
collections,2
BalticSea,2
FDOForum,2
software,2
longitudinal,2
English,2
Italy,2
ELIXIR,2
dataunions,2
RDAPlenary,2
FVM,2
dataarchives,2
ontologies4chem,2
cloud,2
DRR,2
Neuroinformatics,2
MeasurementStore,2
helmholtz_HMC2022,2
datapapers,2
genetic,2
entomology,2
geospatial,2
FAIRCookbook,2
HealthData,2
Tribology,2
HumanRights,2
Interoperable,2
biodata,2
persistentidentifiers,2
NFDI4Chem,2
OPEN,2
datamanagment,2
Datenschutz,2
biotech,2
DeFi,2
climate,2
publication,2
maskotlib,2
datapublishing,2
Community,2
stellenangebote,2
GXFSConnect2022,2
ChatGPT,2
ANR,2
Netherlands,2
iRODSCommunity,2
JournalOfNaturalHistory,2
CETAF52,2
ORD,2
lovedataweek,2
DataInfrastructure,2
NLProc,2
Engineering,2
theses,2
FAIRMetadata,2
NFDI4Earth,2
datagovernance,2
LUH,2
UseGalaxy,2
plankton,2
recorder,2
ClimateJobsJustice,2
RDMservices,2
technology,2
LunchLehre,2
Dutch,2
AquaINFRA,2
OxFOS23,2
API,2
REPOPSI,2
DATA,2
OAweek,2
mentalhealth,2
FAIRsFAIR,2
NPOS,2
FDO,2
ASHG,2
RareDisease,2
PhDchat,2
EAA2022,2
DataHelpDesk,2
GxP,2
ENDORSE2023,2
jobsfair,2
tech,2
cooperation,2
latinamerica,2
Blockchain,2
PharmaDataUK,2
neuroinformatics,2
EOSCSymposium,2
Climate,2
xxviencuentrointernacionalinvestigacionencuidados,2
molluscmonday,2
PlayToEarn,2
biologics,2
DMPs,2
DataSnacks,2
DEX,2
GRNET,2
biodiversit√©,2
computing,2
ethswarm,2
pharmatecSeries22,2
LinkedData,2
recerca,2
DSCC_PL,2
microscopy,2
curation,2
reuse,2
CESSDAArchives,2
Fair,2
GLAMcollections,2
IMI_COMBINE,2
dati,2
ShareYourScience,2
standardisation,2
ReproHack,2
SHS,2
database,2
NOMAD,2
databases,2
Datenqualit√§t,2
NFTs,2
EOSCsymposium2022,2
istss2022,2
horizoneurope,2
openaccessweek,2
callforpapers,2
automation,2
rstats,2
humanities,2
ColeccionesBiol√≥gicas,2
FAIRmetadata,2
lotico,2
Georgia,2
AMPath22,2
scientific,2
FAIR4RS,2
jobopportunity,2
ASHG2022,2
FDZamIQB,2
helmholtz_metadata,2
mdpipublications,2
NFDI4Health,2
AMP22,2
GrantWriting,2
mollusca,2
translation,2
archaeology,2
gtl,2
SemanticWeb,2
BMBF,2
LabProtocols,2
EO,2
MarineScience,2
ITHEUM,2
SC22,2
ECCB2022,2
policies,2
ImplementationGuide,2
Citation,2
EUDAT,2
Summer,2
preprints,2
Prague,2
beFAIRandCARE,2
accessible,2
StateOfOpenData,2
FDMPower,2
SwarmOdyssey2023,2
ZONTAL,2
FinTech,2
textmining,2
GSoC2023,2
environmental,2
horizoneu,2
education,2
federation,2
Internet,2
EU,2
ONTOFORCE,2
GGP5D,2
cotonouscienceouverte,2
Geodiversitas,2
researchsoftware,2
PharmatecSeries22,2
DOIs,2
Donn√©esDeRecherche,2
EarlyCareerResearchers,2
opencall,2
ResearchIntegrity,2
osf2022de,2
scidatacon,2
DataHorrorWeek,2
altcoin,2
biodiversitydata,2
Informetrics,2
Bibliothek,2
digitaltwinning,2
Podcast,2
fish,2
NervousSystem,2
Antarctica,2
Linguistics,2
Geoscience,2
PharmatecSeries23,2
AR6,2
Informatics,2
dx100Symposium,2
Sofia,2
Education,2
agriculture,2
Repository,1
macrozoobenthos,1
BrainHealth,1
DadesObertes,1
traceability,1
investigacion,1
career,1
Sensometry,1
FAIR4Health,1
researchlifecycle,1
sequence,1
Neuroscience,1
nanosafety,1
health,1
Healthcare,1
APIs,1
astrophysics,1
OpenAIRE_ARGOS,1
RSE,1
fdos,1
ERA,1
FreePress,1
COVID,1
VO,1
PrixScienceOuverte,1
heathlycities,1
protecci√≥dedades,1
datapolicycrisis,1
3DHackathon,1
ScaryTalesGame,1
Austin,1
Crimeandjustice,1
research_data,1
canSERV_EU,1
phytoplankton,1
ESFRI,1
DavidPoger,1
aktionstag_fdm_fu_22,1
sikkerhed,1
neurological,1
iRODS,1
oficinac,1
economy,1
NeiC,1
researchData,1
TGDR021,1
EUFunding,1
dataspace,1
Geology,1
sponges,1
freetoread,1
endemism,1
dataforgood,1
employability,1
JCF,1
BIH,1
PreventionAtSource,1
textanalysis,1
Pacific,1
peripheralnervoussystem,1
vagusnerve,1
astronomy,1
ESASCBO2022,1
brochure,1
genomeassembly,1
BiomedicalResearch,1
ScienceMesh,1
MaRCN,1
AICoreTechnologies,1
iSpaces,1
phonology,1
CIRAD,1
IonianSea,1
escitage,1
GeneticDiversity,1
call,1
OpenScienceFestival,1
projects,1
myynti,1
palm,1
endangered,1
dispersal,1
academia,1
Survey,1
Sweden,1
MakeItHappen,1
Google,1
ResearchProject,1
bacteria,1
metagenomics,1
sndSweden,1
CCS,1
HorizonEurope,1
ba,1
ESG,1
AbuDhabi,1
blueeconomy,1
Beirut,1
datademocratization,1
FreeTheModels,1
shubhmangill,1
AgriTech,1
FAIRIMPACT,1
FAIRsharingCommunityChampions,1
EUILoveDataWeek,1
SWAT4HCLS,1
Postdoc,1
hpc,1
OMEZARR,1
dataspecialist,1
marda2023,1
befairandcare,1
DigitalTransformation,1
consequences,1
knowledgemanagement,1
decentralization,1
cohesion,1
ProjektDEAL,1
Bioplastics,1
Oroscopo,1
dadosabertos,1
habitat,1
helmholtz,1
NMDC,1
AGENTproject,1
SmartThings,1
EuropeanCityofScience,1
network,1
Decentralization,1
EarthScience,1
eLecture,1
digiS,1
GNSS,1
cybersecurity,1
Norway,1
ScholarlyReading,1
FAIR_Data,1
phdlife,1
scicomm,1
freewebinar,1
FeaturePaper,1
ActiveDMPs,1
PFTC6,1
EnglishChannel,1
corpora,1
DNA,1
speech,1
NIAMSResearch,1
ResearchEthics,1
bioinfo,1
TGDR632,1
BioInformatics,1
discoverymetadata,1
PFAS,1
drawings,1
screening,1
TGDR620,1
hyperaccumulation,1
Graphs,1
onderzoeksondersteuning,1
Valentines,1
LMWStuttgart,1
DiscoverElsevier,1
bakensverzetten,1
coleoptera,1
knowledgesynthesis,1
cellbio2022,1
kneejoint,1
nihHEALinitiative,1
geoscience,1
treatment,1
dataintelligence,1
licenses,1
LZA,1
semanticsearch,1
Earthsciences,1
OPENdata,1
zellkulturen,1
cancerresearch,1
sustainablemanagement,1
lunar,1
ontology,1
analysis,1
ResourceReports,1
SummaryMeeting,1
researchcommunities,1
MarineBiology,1
LifeScience,1
PAWde,1
Bordeaux,1
reproductibilit√©,1
plasmaagriculture,1
aineetonkulttuuriperint√∂,1
Covid19,1
cyanobacteria,1
EMODnetDataIngestion,1
eAGE22,1
publicprivatepartnership,1
IASSIST2023,1
Restricted,1
informationlegislation,1
Palaeoentomology,1
FarmaciaDigital,1
dutchdataprize,1
KRECon2022,1
BigDataSets,1
ClimateChange,1
ComputerScience,1
danke,1
DAOs,1
riskGovernance,1
sensometry,1
OceanProtocol,1
FAIRawareness,1
CareerOpportunities,1
GeoDataScience,1
statisticalanalysis,1
Development,1
DataJobs,1
Ecoinformatics,1
OpenMetaPaper,1
Intecol2022,1
restricteddata,1
Islets,1
Rosetta,1
PhysicsEducation,1
FreedomOfSpeech,1
Researchers,1
PIDgraph,1
Cibersecurity,1
stroke,1
R,1
eucancerimaging,1
ResearchAssociate,1
SEED,1
FAIRguidelines,1
ERNeu,1
M√©tadonn√©es,1
dataquality,1
VOID,1
microzooplankton,1
tiedonhallinta,1
polychaetes,1
best,1
100xgems,1
ResearchPractices,1
EvolutionarySystematics,1
actinopteri,1
Datasharing,1
EGLD,1
painresearch,1
LOUD,1
RichMetadata,1
knowyourocean,1
facebookads,1
RDMkit,1
epigraphytuesday,1
pamplona,1
Model,1
taxonomic,1
CS3MESH4EOSC,1
EOSCsymposium,1
bioinformatiques,1
BioImaging,1
Conference,1
expositiondesdonn√©es,1
INTERPOM2022,1
lovedataweek2023,1
C√°ceres,1
scholarly,1
1st,1
FutureTechEU,1
neurotwitter,1
crustacea,1
LoveData2023,1
BPK,1
biospecimen,1
seaturtles,1
MOSTWiedzy,1
skills,1
dayaaccess,1
malacology,1
disesase,1
DeiCkonference22,1
OpenHardware,1
EdgeComputing,1
FoundationalAI,1
Metrics,1
metadatamatters,1
Institute,1
Nederlands,1
project,1
UE,1
particlephysics,1
GITwitter,1
dataPaper,1
Astronomy,1
Indian,1
Chemie,1
digitalpharma,1
Gastropoda,1
interoperate,1
UKscience,1
datadriven,1
krebsforschung,1
removingBarriers2FAIR,1
python,1
riskGone,1
AIRRseq,1
opendatacz,1
aihumanities,1
biology,1
SeniorResearcher,1
IICDelhi,1
MLjobs,1
storage,1
OpSci,1
LinkedDataServices,1
pollution,1
BonnesPratiques,1
Phenofish,1
CITresearch,1
Delhi,1
Python,1
DMP_OPIDoR,1
ecologyTwitter,1
covid,1
datastandards,1
LeibnizBiodiv,1
Bcell,1
HASS,1
ds,1
CitizenScience,1
rdc,1
werk,1
IKRI,1
spacescience,1
TeamFish,1
NLP,1
FundingOpportunity,1
FoodData,1
fungi,1
NIH_CommonFund,1
dataviz,1
postgraduate,1
popgen,1
LMWdigital,1
dataskills,1
Nautre,1
MITI,1
dataChampions,1
dataShepherding,1
dataservices,1
Pharmaceuticals,1
anchovy,1
FAIRDigital,1
pharmaceutical,1
Olympiclegacy,1
MaRDA,1
biomedicine,1
WissMa,1
cultural,1
standard,1
ATIO,1
PersonalData,1
SampleAnalysis,1
informatics,1
personalizedhealth,1
pers,1
OpenCalls,1
labnotes,1
Bakery,1
openbook,1
openapi,1
Europe,1
plasmamedicine,1
DKRZ,1
DRM,1
FAiR,1
VASCERNDays2022,1
catalogue,1
Nijmegen,1
transparentscience,1
Dubai,1
protocols,1
PNAS,1
sarscov2,1
restfulapi,1
Brasil,1
DAM,1
smartlabsuk,1
PhDStudent,1
Grants,1
Cologne,1
Usable,1
avoinoppiminen,1
dapps,1
NBOXing,1
rose,1
datasecurity,1
Chaplin,1
equality,1
WoodyAllen,1
copepods,1
neotropical,1
Begonia,1
RRSChallenger,1
deepsea,1
IntrernetOfThings,1
leeuwarderbibliotheken,1
IOS,1
RI,1
HelpingHand,1
digitallibraries,1
sensitivedata,1
CancerResearch,1
InteractiveAtlas,1
FINDABLE,1
Landownership,1
MEDINPortal,1
CMSSFedorov,1
trees,1
OpenEngaged,1
biologicaldata,1
FabSO,1
FER,1
India,1
TGDR586,1
Fabric,1
Beech,1
interoperable,1
scholcomm,1
Datenservices,1
IHR,1
localisation,1
species,1
illustrate,1
zoobenthos,1
DMMonday,1
WorldChangingScience,1
schh22,1
dataManagement,1
Thailand,1
Innovation,1
metadaci√≥n,1
geochronology,1
inclusivecities,1
DNAsequencing,1
EdAdmin,1
EFFoST,1
JobVacancy,1
future,1
PARC_EU,1
K√∂ln,1
ecosystem,1
enthusiasts,1
LoveYourData,1
dataarchiving,1
OpenforClimateJustice,1
Artificial_Intelligence,1
DSSC,1
OpenServices,1
FAIRDataPrinciples,1
Innovations,1
TeamEffort,1
business,1
labnotebook,1
RechercheParticipative,1
DigitalCulture,1
DigitalCultural,1
FEGA,1
HeritageScience,1
OffshoreRenewableEnergy,1
bluecloud,1
plasmamodeling,1
fishes,1
KnetMiner,1
genomic,1
IPRs,1
DatosDeBiodiversidad,1
Recht,1
SaaS,1
analisi,1
genentech,1
FAIRinPractice,1
celltherapy,1
DigitalHumanities,1
ALCOA,1
energytransition,1
Oasis,1
NFMe,1
Skills,1
Digitalisation,1
DPGCharter,1
analysisresults,1
LUNCCOMUNNITY,1
LeaveNoOneBehind,1
exploration,1
businessmodel,1
inclusion,1
ichthyology,1
PacificData,1
NTUsgOA,1
archaeobotany,1
IUPAC,1
clinicaltrials,1
openResearch,1
ISTSS2023,1
xylocarpa,1
WikiCite,1
BeyondthePDF,1
WilliEgloff,1
user,1
fraud,1
EcosystemAccounting,1
Bogor,1
preprintpublication,1
ETH,1
fairsoftware,1
Berlin,1
datascribe,1
Datadiscovery,1
EUDataAct,1
EUCancerPlan,1
openBIS,1
accesobert,1
datainfrastructure,1
Syngenta,1
Corporateownership,1
BeFAIRandCARE,1
microbiota,1
bluefintuna,1
Romania,1
WorldHeartDay2022,1
Lund,1
SustainableScience,1
STIP2021,1
DoctoralTraining,1
zuganggestalten,1
Marbefes,1
BYCOVIDagm,1
climatechange,1
RRI,1
scalableML,1
WP7meeting,1
oaweek2022,1
SPARQL,1
ENDS,1
DiversityandInclusion,1
ELDATC,1
diagnostics,1
RDMsupport,1
Diptera,1
CoffeeLectures,1
UNESP,1
HydrologyData,1
Ornithology,1
EUH4D,1
guide,1
FishFriday,1
ResCompLeedsCon2022,1
HeFDIDataTalk,1
seagrass,1
UTwente,1
OSF2022DE,1
ETDs,1
TGDR602,1
mangrove,1
lalist,1
CancerMoonshotSeminar,1
datasovereignty,1
PhDcareer,1
seals,1
MakeItRight,1
Apple,1
datapreservation,1
datasciencej,1
DSMZDigitalDiversity,1
videoacoustics,1
l√∂ydett√§v√§√§,1
multilingualism,1
datadiscovery,1
Preprints,1
Hardware,1
biobanks,1
PolitechnikaKrakowska,1
Accessible,1
FDM_LDW,1
shikhardhawan,1
ResearchSoftware,1
Ethik,1
ChemTwitter,1
instruction,1
EOSCFuture,1
historicaldata,1
CloudOptimized,1
DataDrivenInnovation,1
mothsmatter,1
precision,1
arachnology,1
Physics,1
DigitalSkills,1
journals,1
isolation,1
digitisation,1
DigitalCMC,1
digSMus,1
codingdavinci,1
EarthSciences,1
leiden,1
irhs510,1
RIOJournal,1
UNLOCKMicrobialPotential,1
CharteredAccountants,1
construction,1
archeology,1
Activity,1
biopharma,1
Freedomfinformation,1
publishers,1
CastillodeCaceres,1
standardized,1
naturalis,1
GEOROC,1
Theme,1
PatientData,1
bio,1
LikeaBosch,1
SSI,1
OpenGov,1
trauma,1
archaeologytwitter,1
FAIRConvergence,1
FAIRdigitalobjects,1
DataProtection,1
WebTV,1
Process,1
Triassic,1
shrimps,1
PMT,1
adaptation,1
Bennu,1
PeerReview,1
NorthSea,1
Cost,1
opendataforopenscience,1
weekendlistening,1
CentralAmerican,1
cienciaaberta,1
fragmentation,1
scientificpublications,1
Learner,1
Heidelberg,1
vacatures,1
RADAR4Culture,1
NFDI4chem,1
apispecs2022,1
TenSimpleRules,1
Nakala,1
PAGrade9,1
breakingnews,1
UGORA2022,1
JornadesImatgeiRecerca,1
semweb,1
archivalgossip,1
OpenResearchRoadmap,1
infectiousdiseases,1
DataHour,1
JornadesCi√®nciaCiutadana,1
APDDAP,1
OpenResearchIE,1
sealevelrise,1
dataresources,1
HappeningNow,1
regulatoryscience,1
eResAU2022,1
ogbsc,1
Guatemala,1
MetaDaily,1
BeilsteinNanoinformatics,1
GNDforum,1
PARCdataPolicy,1
JISA2022,1
interoperabilidadsemantica,1
CRM,1
Bucharest,1
EducationLeadership,1
biosimilars,1
letstalkdata,1
microbiomes,1
biorxiv_bioinfo,1
MaterialsDataMonth,1
paperinaday,1
Shimmer,1
artsorakelet,1
licences,1
PopulationGenetic,1
EBIF2022,1
ElonMusk,1
esp22europe,1
desci,1
Video,1
RareDiseases,1
ùêùùêöùê≠ùêöùê¶ùêöùêßùêöùê†ùêûùê¶ùêûùêßùê≠,1
FAIRDataVisiting,1
BiasedData,1
malaria,1
ThrowbackThursday,1
bioimage,1
AI4LIFE,1
Adobe,1
SemanaAccesoAbierto,1
SEDIMARK,1
Team,1
KnowledgeGraph,1
GOLD,1
EBRAINS,1
DPA2022,1
MatterIssue41,1
opedata,1
POLIS22,1
BBTitans,1
metadatamonday,1
semantictechnology,1
OneHealthDay,1
DataDive,1
AAS2022,1
community,1
cotonouscienceouverte2022,1
UNLOCKtober,1
digitaltransformation,1
PublicHealth,1
HubInfo,1
Wageningen,1
Scientific,1
RDAwebinar,1
domaining,1
HDDD,1
CotonouScienceOuverte,1
eRImote,1
ClimateJustice,1
CODATA,1
BioDataPT,1
RIs,1
fdo,1
ESCAPE,1
SciDataCon,1
OpenAccessWeek22,1
JednickyaNuly,1
Bioscence,1
scientitsts,1
openScience,1
HMCconf2022,1
NationalHealthyLungMonth2022,1
fungifriday,1
nfdi4chen,1
RechercheDataGouv,1
DataGovernance,1
KGF,1
IDAGlobalSurvey,1
MIF2022,1
SOCIB,1
Stellenangebot,1
OpenScienceDashboards,1
pregnancy,1
RT,1
Join,1
DHSsummit22,1
processmining,1
RSEng,1
opensciencedaySLO,1
surveillance,1
PrideAtWork,1
IPRlegacy,1
SDI,1
vokazomerstage,1
AGORA,1
Dr_Ola_Awad,1
OS,1
caets2022,1
EKAW2022,1
Opinion,1
openresearchshef,1
OpenFest,1
DataFAIR,1
UWAdataweek22,1
uwaresearchimpactseries,1
infogov,1
UWADataWeek22,1
DeSIRA,1
EBW22,1
RenewableEnergy,1
DESIRa,1
DPGs4DPI,1
PeerReviewWeek22,1
wikinaturalists,1
Iran,1
luncburn,1
help,1
GA4GH10thPlenary,1
accessibilty,1
Newsletter,1
Nadinesa,1
PROVIDE,1
recognitionandrewards,1
Hackathons,1
BioImageAnalysis,1
NHR,1
ChasConf2022,1
NTUsgOpenResearch,1
digitalscholarship,1
CallforProposals,1
XNATWorkshop2022,1
GoBucks,1
ResearchProjects,1
DataArchivingGuide,1
mdpivaccines,1
DigitalWorkplace,1
citationalism,1
electronmicroscopy,1
image,1
Bioinformatician,1
Synchronisation,1
ISPOREurope,1
D4N2022,1
Ci√®nciaOberta,1
ECR,1
Today,1
Agritech,1
tutkimusaineisto,1
VR,1
neurons,1
VLIZ,1
MaRDI,1
StoriesOfData,1
LODISNI,1
Rulebook,1
IrppsCNR,1
FAIR4Chem,1
YRECroatia,1
EUDATConference2022,1
DataDocumentation,1
quae_open,1
linguists,1
humanitiesdata,1
aop,1
EGI2022,1
DataCite22,1
SaxFdm,1
oajaaber,1
UoAOAWeek,1
SOOS_DATAMonday,1
homeconneta,1
SEMIC2022,1
Geovistory,1
CircularDataEconomy,1
Upcoming,1
OpenPharma,1
medicalimaging,1
BacDive,1
nfdi,1
microbial,1
Genetics,1
PMWC23,1
ImagingCommunity,1
PARCWebinars,1
CallForTenders,1
CannabisCommunity,1
Industrial,1
SABIO,1
AgoraCatalog,1
CommentFaire,1
ResponsibleAI,1
SheffieldORDA,1
kickOff,1
OpenScienceUN,1
NetCDF,1
EAA2023,1
1Patient1Record4Belgium,1
Dateninfrastruktur,1
fdz,1
Handle,1
Inquire,1
INQUIRE,1
schema,1
researchInfrastructure,1
PATTERN,1
FOG2023,1
CES2023w3T,1
RADx,1
NOSI,1
infectiousdisease,1
biocurator,1
LISjobsIE,1
supercomputing,1
Duchenne,1
OpenAI,1
sparql,1
podcasts,1
MIxS,1
bioeconomy,1
DataTrain,1
immunohistochemistry,1
A2CPS,1
VRW,1
OpenKnowledge,1
DataCompetence,1
OpenDate,1
decentralized,1
marda,1
IPFS,1
Athens,1
OpenBioDiv,1
Reproducible,1
GBILNMA2023,1
ontarioneedsappraisers,1
digitalpreservation,1
IARC,1
cropresearch,1
LindsayTodman,1
fair_data,1
CoolVendor,1
SiLA,1
DataForum2023,1
qualitative,1
OneForestSummit,1
Base4NFDI,1
OpenDataDays,1
LappsQuay,1
chemists,1
openscienceforopendata,1
Fair4ChemAward,1
CEO,1
GO_PEG,1
IMPaCTData,1
physics,1
DataIngestion,1
datasShepherd,1
CISO,1
access,1
Vacature,1
ValentinesDay,1
GREI,1
FoodSecurity,1
FAIRDataFund,1
ecommerce,1
rahuldravid,1
ARPES,1
PsychNotebook,1
Bigdata,1
AADOCR2023,1
PsychArchives,1
OMENGFF,1
QLM2023,1
Fridayreads,1
DOME40,1
BioTech,1
CNI22f,1
MousePhenomeDB,1
attribution,1
oscg,1
FAIRprinciple,1
expat,1
CoffeeLecture,1
sustainability,1
RDR,1
EcologyMetz2022,1
recherche,1
elektronimusiikki,1
FMI,1
WeAreTUDublin,1
Gilead,1
1255PalmRidge,1
hiring,1
Diversity,1
donn√©e,1
DataCall,1
terminology,1
RWTHAachen,1
fundresearchsoftware,1
datacommunity,1
UpdatedDataset,1
DAPHNE4NFDI,1
GitHub,1
MExPlatform,1
BioHackEU22,1
WomenInSTEM,1
Basel,1
Semantic,1
seasnails,1
datiBeneComune,1
EGW2022,1
online,1
MTSR22,1
Bremen,1
Digitalisierung,1
DataManagementPlans,1
Sekund√§ranalyse,1
ODISummit2022,1
PUNCHLunch,1
SFN22,1
FAIRprinciplies,1
CommunityOfPractice,1
emblphdsymposium,1
DataSovereignty,1
sovereignty,1
datareports,1
BYOData,1
bestpractices,1
fishmas,1
3ddata,1
Datenmanagement,1
DataResource,1
ArtTechChat,1
DataLibs,1
NSRR,1
healthdatapanels,1
knetminerbeta,1
donn√©esdelarecherche,1
Computational,1
European,1
DataSnack,1
LinkAhead,1
musicologie,1
Dokumentation,1
SensorNetworks,1
robellus,1
academictwitter,1
CloudComputing,1
swarm,1
InChI,1
jc3dshs,1
diamondOA,1
radonc,1
PaN,1
FairDataday,1
spreadsheets,1
fairdataday,1
fair_data_n_fake_Causer,1
datsaet,1
OntoCommons,1
MASA,1
VI_PKOS,1
dataspaces,1
CESSDASpotlight,1
DigitalHealth,1
Rbloggers,1
CulturesAI2212,1
mynkl,1
omics,1
CarlyBRobinson,1
sensorynerves,1
hydroponics,1
worldheritage,1
Integrity,1
DatenDonnerstag,1
RDCADAP,1
dapp,1
SCIDATACON21,1
experimental,1
IP,1
DataPublication,1
Agriculture,1
AmericanMuseumNovitates,1
digitalasset,1
recercabiom√®dica,1
youthpower,1
FIP,1
virtualobservatory,1
openData,1
paediatric,1
worldfair,1
ecosystems,1
Euscorpius,1
EUTOPIA,1
IonanSea,1
donn√©esderecherche,1
RobertKahn,1
axontreatments,1
DataProcessing,1
vectors,1
experiments,1
abstracts,1
global,1
Homosapiens,1
Xylia,1
Copyright,1
Twitter,1
worldwide,1
kesehatan,1
semanticWeb,1
ictp,1
dta,1
hannover,1
bioelectronicmedicine,1
carob,1
digitalobjects,1
ISTI,1
RWE,1
culture,1
ELIXIRUKDaSH,1
AMP,1
now,1
conviction,1
BlackSea,1
IPR,1
findability,1
Neurosciences,1
OAweek2022,1
ROcrate,1
NI4OS_eu,1
communitynorms,1
Pap√©isAvulsosdeZoologia,1
skills4EOSC,1
PHIRI2Years,1
digitointi,1
OpenAdvent,1
FalloRespiratorio,1
ResearchInfrastructure,1
QueenElizabethII,1
datamanager,1
RStats,1
NAKALA,1
ExAcT,1
workshops,1
BYODworkshop3,1
Zoodiversity,1
datatransparency,1
J2,1
FossilFriday,1
sciences,1
NI4OS,1
enfermeria,1
DataMetrics,1
Belgium,1
Santander,1
AcademicPublishing,1
DataRepository,1
DataReusability,1
award,1
criticalMASS,1
DigitalPreservation,1
mexplatform,1
medicalcare,1
Candollea,1
restricted,1
eukaryote,1
InsectaMundi,1
IDoR2022,1
FAiRdata,1
DigitalGipfel,1
dataenrichment,1
clinicaldata,1
SFN2022,1
provenance,1
Zenodo,1
datamanagementplan,1
IBD,1
microservices,1
LUNC,1
modulardata,1
management,1
universiteitleiden,1
Fairdrive,1
Oasislab,1
bbmri_qm,1
WindEnergy,1
development,1
UNGA,1
accountability,1
DTL,1
studentsuccess,1
SatSummit2022,1
InclusiveData,1
disabilities,1
ml,1
googleads,1
Sustainable,1
welzijn,1
universityofvaasa,1
RamanSchool22,1
rewords22,1
DMSC,1
Datenpflege,1
somosUPM,1
gitcoin,1
controlleddata,1
Organising,1
event,1
PoliticalScience,1
bf751,1
coastsnap,1
microbialinteractions,1
FAIRDataStation,1
FDOs,1
TRCPamco,1
logistics,1
Dissertations,1
fairprinciples,1
DigitalPrivacy,1
digitalprivacy,1
functioning,1
techbio,1
Mar√≠lia,1
academics,1
RICERCA,1
opendatach,1
SocialCare,1
BeijingWinterGames,1
pandemicpreparedness,1
Gdansk,1
plasmascience,1
data4dev,1
TOPFactor,1
DataNTUsgLibrary,1
Researchprojects,1
translations,1
collectionsasdata,1
CONNECT,1
glamdigital,1
Danube,1
Bioimaging,1
nihHEALInitiative,1
Jobs,1
ODS2022,1
OpenSceince,1
Worldwide,1
GLP,1
TEI,1
espacionacionaldatossalud,1
ToolTalk,1
DataAnalytics,1
SaxFDM2022,1
FAIRdataprinciples,1
dataproduct,1
OSICU2022,1
ResearchGraph,1
sndn√§tverket,1
oceans,1
SSUNGA77,1
DataEconomy,1
FairDataEconomy,1
NIMRD,1
gaiax,1
IEDA2,1
Digital,1
MetBase,1
CMC,1
Federer,1
openpositions,1
users,1
computationalnotebook,1
FooSIN,1
job,1
EMODnetForBusiness,1
fdo2022,1
fnscloud,1
biocuration,1
scholarship,1
Gecko,1
BioIT,1
nonpredatory,1
Publications,1
ethcc,1
EUOpenDataDays,1
buwlog,1
dermatitis,1
NaturalScience,1
BiCIKL_2020,1
RIDE,1
memefriday,1
GoFAIR,1
tempromandibular,1
Analytics,1
MEDINworkshop,1
animalhealth,1
sea,1
words,1
Evolution,1
iRODSUGM,1
MaterialScience,1
mindfulness,1
Leone,1
processintelligence,1
GeneFlow,1
SEO,1
Personium,1
SelfDescribingData,1
WHO,1
koulutuksenkehitt√§minen,1
AccreteAI,1
Dataverse,1
OneForestVision2,1
OffeneDaten,1
TyrrhenianSea,1
CurrencyGradeData,1
esof2022,1
KuroshioCurrent,1
Marketplace,1
BestPractices,1
AAIC22,1
researchmetrics,1
WashingtonUniversity,1
MetadataMatters,1
PoweredByPolygon,1
EventAlert,1
cartoon,1
Seagrass,1
DrugDiscovery,1
SeqCode,1
PlantBioinfoPF,1
FrictionlessData,1
spectral,1
PPGCI,1
ASSEGNI,1
OpenAPI,1
openglam,1
HNB2022,1
OxfordGlobal,1
Keynote,1
semanticmodel,1
ResearchCBGP,1
MDPIPublications,1
Datenkurator,1
Linked,1
FDA,1
security,1
DOE,1
Bullrun,1
kickoff,1
PaNOSCsumerschool,1
WROpenAH,1
ESS,1
OSF2022nl,1
SayNoMore,1
MetSoc2022,1
OwnYourData,1
RamanSchool2022,1
German,1
reproducible,1
ict,1
F2DS,1
measurements,1
MaDiPHS,1
datainfra,1
NBOX,1
neuroimaging,1
Gen3,1
ScenarioServices,1
LinkedLifeInventory,1
ComputationalModels,1
worthreading,1
perspective,1
SSh,1
TRC,1
finance,1
Theses,1
Ecosystem,1
BayOfBiscay,1
OpenBiodiv,1
DataSoftware,1
ddi,1
multidisciplinary,1
neuromodulation,1
Greece,1
diabetes,1
CES2023w3t,1
LinzerbiologischeBeitr√§ge,1
ResearchCulture,1
Mediterranean,1
PrincipesFAIR,1
Opensciences,1
Synchronisationforce,1
MIMARKS,1
BigDataAnalytics,1
Ontologies,1
SpeciesDiversity,1
Dataspace,1
tosiwinterschool23,1
forschungsdaten,1
scholarlypublishing,1
DataResearchManagement,1
ResearchPractice,1
PolarNightWeek,1
Biopharma,1
diversity,1
Zoosystema,1
Madagascar,1
ConsortiumHN,1
Recherche,1
SleepData,1
healthdataauthority,1
zelllinien,1
cellculture,1
Universit√§tsmedizin,1
astromaterials,1
Gastronomy,1
MUSICA2,1
neurosciences,1
Agora,1
GlobalBiodiversityFramework,1
digitalous,1
dApps,1
UKHPI,1
FlyFriday,1
Champion,1
HICS2023,1
NewYear,1
Russian,1
scientificresearch,1
nmdn,1
enzymes,1
Fairspace,1
INFRAEOSC,1
businessanalytics,1
Pap√©isAvulsosDeZoologia,1
XPS,1
marinedata,1
FAIRpractices,1
AquaInfra,1
LoveDataWeek2023,1
synthesis,1
sarfarazkhan,1
nanoinformatics,1
pandemic,1
preparedness,1
Repositorium,1
Alexandria,1
Neuroline,1
MyScienceWork,1
PhysicalSciences,1
Nachhaltigkeit,1
KG,1
uploading,1
WomenInScience,1
nano,1
Forrester,1
Tolkien,1
MEDINportal,1
LinkedIn,1
datamodelling,1
ERC,1
RADS,1
Growth,1
osr,1
BenefitSharing,1
EUGreenDeal,1
CLARIAH2023AI,1
DataShare,1
DataReUse,1
librarytwitter,1
inspiration,1
Physicscurriculum,1
Award,1
materialsscience,1
DigitalSpecimen,1
digitalextendedspecimen,1
bestPractice,1
CatenaX,1
