Clean_Content,0
early bird registration for dataverse is open https events skyros congressos pt form congress dataverse find all the details about this year s event https projects iq harvard edu dcm opensoftware datarepositories fairdata researchdata,Veranstaltung
register for the dataverse training on april featuring sonia barbosa amber leahey alejandra tenorio robles jes s herrera de la cruz and our own gabioshka https www eventbrite com e dataverse training at csvconf tickets csvconf researchdata fairdata openscience,Veranstaltung
we re hiring apply now and join our researchdata management team you ll be responsible for the planning organization and management of research data generated by our researchers rdm rdmjobs fairdatahttps www mdc berlin de career jobs research data manager mfd,Veranstaltung
webinar may th fair data for heritage science i and barbro borns ter uppsala university library will be presenting results from our r d project at swedish national heritage board join us to discuss fairdata heritagescience vocabularies openscience https www raa se in english events seminars and cultural experiences fair data for heritage science,Veranstaltung
newspecies new sibling of the world famous chocolate frog synapturanus danta discovered on frogfriday synapturanus artifexholotype instituto sinchitreatment http treatment plazi org id c e ffc ff c f fd c ffe fpublication http doi org zootaxa zootaxa fairdata science taxonomy ecology biodiversity nature wildlife conservation animals herpetology herps amphibia frogs colombia,Publikation
if you know someone who s asking how can i practically apply the fair principles in my work or how do i know what s the right fair enabling tool for me and they are in an eu or horizon europe associated country then the fair impact opencall is the place to go see you there https fair impact eu fair impact open calls support fairdata openscience rdm,Veranstaltung
newspecies new copepod from the pacific ocean just surfaced echinolaophonte musatreatment http treatment plazi org id c d b c a ba bbpublication http doi org zse zoosyst evo fairdata science taxonomy ecology biodiversity nature wildlife conservation animals copepods pacific ocean,Publikation
newspeciesnew corymorphid from ghost bay southeast asia just surfaced corymorpha tropicatreatment http treatment plazi org id b d d ffd d c fab db a publication http doi org zootaxa zootaxa fairdata science taxonomy ecology biodiversity nature wildlife conservation animals hydrozoa medusa,Publikation
newspecies new bush cricket from brazil just crawled in listroscelis cyanotibiatustreatment http treatment plazi org id bf ffbd ff cbd c ee publication http doi org zootaxa zootaxa fairdata science taxonomy ecology biodiversity nature wildlife conservation animals entomology insects crickets orthoptera brazil,Publikation
newspecies new land snail from china just crawled in laeocathaica qishiliitreatment http treatment plazi org id de aa c abd f d dpublication http doi org zookeys zookeys journal fairdata science taxonomy ecology biodiversity nature wildlife conservation animals malacology snails china,Publikation
on march university college cork library was treated to an educational visit by the digital repository of ireland team read our write up in the library s river side blog digital preservation of research data with the digital repository of ireland https theriverside ucc ie digital preservation of research data with the digital repository of ireland digipres openscience openresearch opendata fairdata,Veranstaltung
newspecies new jewel beetle from the china just flew in anthaxia svatoplukbilyitreatment http treatment plazi org id fe a b bb bda d a publication http doi org zookeys zookeys journal fairdata science taxonomy ecology biodiversity nature wildlife conservation animals entomology insects coleptera beetles jewels,Publikation
newspecies costus whiskeycolaa newly discovered plant from colombia not named after a drink but after its type locality el whiskey with cola latin for living in treatment http treatment plazi org id a c e b f beecf cec publication http doi org phytokeys phytotaxa fairdata science ecology taxonomy nature biodiversity conservation botany wildflowers flowers wildplants plants wildlife whiskeycola colombia,Publikation
a new blog post is up how much do we plant pathologists value openness and transparency edelponte and adamhsparks discuss their latest paper with zacharyfoster et al and what the implications are for plant pathology why it may be so closed and how we can be more open and reproducible in our research reproducibleresearch fairdata openresearch openaccess,Veranstaltung
newspeciesnew moray eel from india just swam in on fishfriday gymnothorax tamilnaduensistreatment http treatment plazi org id e e e ae bba f publication http doi org zse zoosyst evo fairdata science taxonomy ecology biodiversity nature wildlife conservation animals fish teamfish ichthyology moray eels fishfriday india,Publikation
newspecies new fly from the lower eocene of colorado usa just surfaced on fossilfriday eornithoica grimaldiitreatment http treatment plazi org id f cb ffaa a fcaff ba cpublication http doi org palaeoentomology palaeoentomology fairdata science taxonomy ecology biodiversity nature wildlife conservation animals entomology insects paleo paleontology paleoecology diptera flyfriday flies fly colorado usa,Publikation
newspecies a newly discovered fungus from mexico for fungifriday pseudoboletus silvaticustreatment http treatment plazi org id f a a b ffa ff e fe bfd publication http doi org phytotaxa phytotaxa fairdata science biology taxonomy ecology biodiversity nature wildlife conservation fungi mushrooms mycology mexico,Publikation
newspecies new freshwater sleeper from china just snored microdous amblyrhynchostreatment http treatment plazi org id c b c a d b ec c e cb d epublication http doi org zookeys zookeys journal fairdata science taxonomy ecology biodiversity nature wildlife conservation animals fish teamfish ichthyology sleeper fishfriday china,Publikation
newspecies new special skaters from laos just skated in eotrechus kerberosholotype nhm wientreatment http treatment plazi org id a f b c ab f a d ab ab b publication http doi org dez dez journal fairdata science taxonomy ecology biodiversity nature wildlife conservation animals entomology insects skater laos,Publikation
our th nfdi section industry engagement section industry is starting the goal of the section is to coordinate cooperation with industry and thereby create more value for society more https www nfdi de neue sektion industry engagement registration open for our member organisations https www nfdi de sektionen anmeldung fdm rdm fairdata,Veranstaltung
newspecies aspidistra shiwandashanensisa newly discovered asparagaceae from china treatment http treatment plazi org id a f c ff d ffc d fe af fd publication http doi org phytotaxa phytotaxa fairdata science ecology taxonomy nature biodiversity conservation botany wildflowers flowers wildplants plants wildlife china,Publikation
newspecies new micro land snails from thailand just crawled in e g diplommatina bulonensistreatment http treatment plazi org id ca ae f b d ae fb publication http doi org zse zoosyst evo fairdata science taxonomy ecology biodiversity nature wildlife conservation animals malacology snails thailand,Publikation
newspecies new pilumnid crab from pacific ocean just surfaced lophoplax sordidaholotype museum zoologicum bogoriensetreatment http treatment plazi org id cd e d c fc f fe fpublication http doi org zootaxa zootaxa fairdata science taxonomy ecology biodiversity nature wildlife conservation animals decapoda crustaceae crabs pacific ocean,Publikation
newspecies new cicada from the philippines just flew in neopurana boupteratreatment http treatment plazi org id e bb b ffca b fce fd publication http doi org journalofnaturalhistory fairdata science taxonomy ecology biodiversity nature wildlife conservation animals entomology insects hemiptera cicada philippines,Publikation
we are mapping the current training opportunities in openrri can you help us know of any training opportunities activities resources about researchintegrity openaccess fairdata citizenscience diversityandinclusion openscience etc https survey au dk linkcollector key u tuk horizoneu openaire patterneu,Veranstaltung
and in a parallel capacitybuilding session ludwighuelk is presenting best practice approaches for opensource annotated fairdata with the openenergyplatform oep fairdata for openscience openmod,Veranstaltung
join us for the st public event of the australian openscience network on march speakers from ardc australian citizen science association and open access australasia chaired by the council of australian university librarians open science in australia how can we support key international initiatives info https www caul edu au events open science australia how can we support key international initiatives openaccess openresearch fairdata boosts welcome,Veranstaltung
the gbif fairsharingcommunitychampions are fantastic contributors to our programme their efforts have enriched the description of the biodiversity landscape in fairsharing thanks for being a part of the programme read more about the bicikl fairsharing powered web app that reveals links among orgs implementing biodiversity fairdata standards databases policies joint blog post at gbif https www gbif org news p o iu if axqqvuuszuz gbif staff join the fairsharing community champions programmeat fairsharing https blog fairsharing org p also on the bird site,Veranstaltung
newspecies a newly discovered fungus from china for fungifriday geastrum suaetreatment http treatment plazi org id fab f d e d a c e ebfb a publication http doi org bdj e biodatajournal fairdata science biology taxonomy ecology biodiversity nature wildlife conservation fungi mushrooms mycology china,Publikation
newspeciesnew goby from the red sea just swam in fusigobius humerosustreatment http treatment plazi org id d d d b ffea aa ff fc da publication http doi org zootaxa zootaxa fairdata science taxonomy ecology biodiversity nature wildlife conservation animals fish teamfish ichthyology gobies redsea,Publikation
newspecies new terrestrial breeding frog from peru just hopped by on frogfriday phrynopus apumantarumtreatment http treatment plazi org id e e e ae e e f ffc publication http doi org evolsyst zootaxa fairdata science taxonomy ecology biodiversity nature wildlife conservation animals herpetology herps amphibia frogs peru,Publikation
newspecies new grasshopper from crete just clittered eupholidoptera francisaetreatment http treatment plazi org id a ca ad d a c b cf publication http doi org zookeys zookeys journal fairdata science taxonomy ecology biodiversity nature wildlife conservation animals entomology insects orthoptera grasshopper crete,Publikation
newspeciesnew fossil turtle from colombia just emerged podocnemis tatacoensisholotype museo de historia natural la tatacoatreatment http treatment plazi org id d f c fda fc bfe fd epublication http doi org geodiversitas v a geodiversitas fairdata science taxonomy ecology biodiversity nature wildlife conservation animals herpetology herps reptilia reptiles turtles paleo paleontology colombia,Publikation
newspecies linaria pseudamethysteaa newly discovered endemic plantaginaceae from spain holotype universidad granadatreatment http treatment plazi org id c d ff fffd ff a f f e publication http doi org phytotaxa phytotaxa fairdata science ecology taxonomy nature biodiversity conservation botany wildflowers flowers wildplants plants wildlife spain,Publikation
newspeciesnew flattie spider from australia just appeared karaops durrantorumholotype western australian museumtreatment http treatment plazi org id ba bd ea a f ba a af f b fc epublication http doi org zookeys zootaxa fairdata science taxonomy ecology biodiversity nature wildlife conservation animals spiders arachnology arachnids,Publikation
newspecies new catfish from brazil just swam by imparfinis lepturusholotype museu zoologia usptreatment http treatment plazi org id d a ff a ff b fbca c fpublication http doi org zootaxa zootaxa fairdata science taxonomy ecology biodiversity nature wildlife conservation animals fish teamfish ichthyology catfish brazil,Publikation
newspecies new glassfrog from brazil just climbed in on frogfriday vitreorana assuhtreatment http treatment plazi org id f ffa ffa ff e b b f bepublication http doi org zootaxa zootaxa fairdata science taxonomy ecology biodiversity nature wildlife conservation animals herpetology herps amphibia frogs glassfrogs brazil,Publikation
newspeciesnew rove beetle from india just roved in syndicus primusholotype uniwersytet wroc awskitreatment http treatment plazi org id c b fffa d a db b c a d d publication http doi org zootaxa zootaxa fairdata science taxonomy ecology biodiversity nature wildlife conservation animals entomology insects beetles bugs,Publikation
newspecies allium sunhangiia newly discovered amaryllidaceae from uzbekistan treatment http treatment plazi org id fca d dd a a c f publication http doi org phytokeys phytokeys fairdata science ecology taxonomy nature biodiversity conservation botany wildflowers flowers wildplants plants wildlife wildflowers uzbekistan,Publikation
newspecies new squat lobster from pacific ocean just flushed in heteronida ceresholotype mus um national d histoire naturelle paristreatment http treatment plazi org id a ffc bd e fe fd fbf a fpublication http doi org ejt ejtaxonomy fairdata science taxonomy ecology biodiversity nature wildlife conservation animals decapoda crustaceae lobster pacific ocean,Publikation
newspeciesnew tardigrade from china just snuck in milnesium guanyinensistreatment http treatment plazi org id dafc f ff b eefc fd epublication http doi org zootaxa zootaxa fairdata science taxonomy ecology biodiversity nature wildlife conservation animals tardigrades china,Publikation
newspecies new snail from laos just crawled in alycaeus goliathholotype mus um national d histoire naturelle paristreatment http treatment plazi org id b e ff f ff fcfbfadd c publication http doi org zootaxa zootaxa fairdata science taxonomy ecology biodiversity nature wildlife conservation animals malacology snails laos,Publikation
newspeciesnew butterfly from guinea just fluttered in precis koivoguiiholotype uniwersytet jagiello skitreatment http treatment plazi org id ffaa ff c fc dcce a publication http doi org zootaxa zootaxa fairdata science taxonomy ecology biodiversity nature wildlife conservation animals entomology insects lepidoptera butterflies,Publikation
newspecies new cockoo wasp from portugal just flew in chrysis crossiholotype universit de monstreatment http treatment plazi org id dfd b aa ea publication http doi org bdj e biodatajournal fairdata science taxonomy ecology biodiversity nature wildlife conservation animals entomology insects hymenoptera wasps,Publikation
if you re interested in openscience join us for the first public event for the australian open science network on march open science in australia how can we support key international initiatives https www caul edu au events open science australia how can we support key international initiatives more on the australian open science network https www caul edu au services programs australian open science networkboosts welcome openaccess openeducation fairdata,Veranstaltung
our next nfdi tooltalk on march at pm is about the research data management platform coscine the service is made for the storage management and archiving of research and metadata speaker dr ilona lang rwth aachen university stream https youtube com live ehlb a lllo feature share info https coscine de our nfdi talk series https www nfdi de talks fdm fairdata rdm datamanagement research,Veranstaltung
job alert researchdata openscience fairdata europe remoteworking the research data alliance is one of my favourite networks because it is diverse results oriented global focused on researchdata rda europe is hiring a senior expert team facilitator must live in eu deadline april https www rd alliance org were hiring senior expert team facilitator for questions regarding the position or rda europe known as rda aisbl contact ari asmi director of the rda aisblari asmi rda foundation org,Veranstaltung
two weeks until the openmod workshop hosted by the iiasa energy climate environment program learn about model comparison fairdata opensource tools messageix pyam iamc the ecemf project from ludwighuelk paulnatsuo and many others join the capacitybuilding sessions wednesday march online https forms office com e rpnbklyaxp,Veranstaltung
two day workshop with the swedigarch research infrastructure operating board great to get to meet in person and really engage with the ongoing work the link ad fairify digital archaeological databases records and collections and the weather is awesome too fairdata digitalarchaeology,Veranstaltung
yes ja oui si tak whatever language you choose to this policies and modes of data provision such as the fair principles open access and creative commons are often used and interpreted synonymously but need to be clearly differentiated and related to each other https ride i d e de issues issue editorial fairdata,Veranstaltung
newspecies new bush frog from china just jumped in on frogfriday raorchestes malipoensistreatment http treatment plazi org id dcf a e c b aa e c c publication http doi org zookeys zookeys journal fairdata science taxonomy ecology biodiversity nature wildlife conservation animals herpetology herps amphibia frogs bullfrogs china,Publikation
newspecies a newly discovered fungus from pakistan for fungifriday conocybe karakensistreatment http treatment plazi org id a f ff e ff d f apublication http doi org phytotaxa phytotaxa fairdata science biology taxonomy ecology biodiversity nature wildlife conservation fungi mushrooms mycology pakistan,Publikation
how can i practically apply the fair principles in my work how do i know what is the right fair enabling tool for me fair impact could help first of three open calls for financial support begins in april more in our webinar on march thhttps fair impact eu node fairdata openscience,Veranstaltung
newspeciesnew moth from macedonia just landed commatarcha galicicaetreatment http treatment plazi org id f f e b f ae b ba ddpublication http doi org nl notalepido fairdata science biology taxonomy ecology biodiversity nature wildlife conservation animals insects entomology moth butterflies mothsmatter macedonia,Publikation
newspecies new bee from arizona just buzzed in lasioglossum indagatorholotype california academy of sciencestreatment http treatment plazi org id ee e fff fdfa fecb ea af publication http doi org ejt ejtaxonomy fairdata science biology taxonomy ecology biodiversity nature wildlife conservation animals insects entomology bees wildbees arizona usa,Publikation
newspeciesnew lizard from colombia just flitted by anolis quimbayatreatment http treatment plazi org id f f c c b eff b a b publication http doi org vz e vertebratezoology fairdata science taxonomy ecology biodiversity nature wildlife conservation animals reptiles herpetology herps lizards colombia,Publikation
newspecies new millipede from romania just shuffled by micropachyiulus filiformisholotype national museum of natural history bulgariatreatment http treatment plazi org id df fa e bff dfab acpublication http doi org zootaxa zootaxa fairdata science taxonomy ecology biodiversity nature wildlife conservation animals diplopoda millipede romania,Publikation
newspecies stigmatodon enigmaticusa newly discovered bromeliaceae from brazil treatment http treatment plazi org id fe fff fc e ff ff b df fa publication http doi org phytotaxa phytotaxa fairdata science ecology taxonomy nature biodiversity conservation botany wildflowers flowers wildplants plants wildlife brazil,Publikation
newspeciesnew cavernicolous beetle from china just looked out dongodytes mingruoaetreatment http treatment plazi org id ad bf ff ff f a f publication http doi org zootaxa zootaxa fairdata science taxonomy ecology biodiversity nature wildlife conservation animals insects entomology beetles bugs cavespecies cave cavebiology europe,Publikation
newspecies new glassfrog from ecuador just climbed in on frogfriday centrolene zarzatreatment http treatment plazi org id be b fe c bc publication http doi org zookeys zookeys journal fairdata science taxonomy ecology biodiversity nature wildlife conservation animals herpetology herps amphibia frogs glassfrogs ecuador,Publikation
what do researchers need from datadiscovery systems as it turns out much more than an ask and receive model check out the results of our large scale crowdsourcing in the gofairofficial discovery in use cases http doi org dsj openscience academicchatter researchdatamanagement fairdata,Veranstaltung
a summary of the recommendations from the ai life bioimagea fair ai workshop is now publicly available on zenodo https ai life eurobioimaging eu summary fair ai workshop we would like to thank all the participants for their valuable feedback in drafting the recommendations fairdata ai,Veranstaltung
interesting paper by parks et al on how the chemistry journalpublishing landscape supports criteria including fair and fairdata and where there is room for improvement read more at https doi org pac this paper also mentions work from nfdi chem researchdataalliance fairsharing digitalcurationcentre,Meinung
is more always better thinking about digitalscholarlyeditions who will be able to access your high resolution scans what amount of energy is needed to provide access who has the high speed internet connection not everyone think intersectional accessibility real fairdata greeningscience digitalhumanities,Veranstaltung
newspecies centaurea dolopicaa newly discovered asteraceae from greece treatment http treatment plazi org id f fffb ffec d aa cf fd e apublication http doi org phytotaxa phytotaxa fairdata science ecology taxonomy nature biodiversity conservation botany wildflowers flowers wildplants plants wildlife greece,Publikation
newspeciesnew leafhopper from europe just hopped by dudanus karraholotype senckenbergworld treatment http treatment plazi org id f d e ffa e c d fe apublication http doi org zootaxa zootaxa fairdata science taxonomy ecology biodiversity nature conservation animals insects entomology leafhoppers europe,Publikation
newspeciesnew snail eating snake from panama just sidled in dipsas aparatiritosholotype smithsoniantreatment http treatment plazi org id e cab fbb b d f publication http doi org zookeys zookeys journal fairdata science taxonomy ecology biodiversity nature conservation animals herpetology reptiles snakes panama,Publikation
newspecies new microsnail from vietnam just crawled by angustopila parallelatreatment http treatment plazi org id a d e e a c ef dd publication http doi org zookeys zookeys fairdata science taxonomy ecology biodiversity nature conservation malacology mollusca gastropoda snails vietnam,Publikation
newspeciesnew deep time ant from dominican amber just nipped us neoponera vejestoriatreatment http treatment plazi org id e d f e d ec fe b publication http doi org s biomedcentral fairdata science ecology biodiversity nature conservation insects entomology ants myrmecology paleo paleontology miocene,Publikation
it was fantastic to be at the digital repository of ireland online members coffee morning today hearing about the newly published ports past and present collection in the repository great work by the ppp team and dri to preserve and share these outputs https doi org dri ht b fairdata opendata humanitiesdata digitalpreservation,Veranstaltung
fancy being a european fair champion fairdata https fair impact eu open call european fair champions,Veranstaltung
i found these resources on metadata pandemic preparedness fair data and trust useful and well written for a broad audience by the project by covid and in english and french https by covid org usecases fairdata metadata opendata,Veranstaltung
spending time today catching up on presentations given that the recent disccofutures event you can see these here https t co tsbjbqxcc fairdata biodiversity openscience,Publikation
newspecies osbeckia yercaudensisa newly discovered melastomataceae from india treatment http treatment plazi org id e a ffb cbf f a ea aa publication http doi org phytotaxa phytotaxa fairdata science ecology taxonomy nature biodiversity conservation botany wildflowers flowers wildplants plants wildlife india,Publikation
trigonopterus grimmicollected in in malaysiadescribed and published in zookeys in treatment added to treatmentbank http treatment plazi org id c af f a aa e d a and mediated to gbif by plazithis process can be automated if the data is published as fairdata,Publikation
i m happy to share my interview with sandra gesing about fair software workflows and virtual research environments vres science gateways as part of the researchdataalliance th anniversary calendar of events have a listen https podcast polyneme xyz episodes sandra gesinghttps www rd alliance org plenaries events events e decade data e celebrating years rda rdas th anniversary events and machinecentricscience podcast fairdata fairworkflows virtualresearchenvironments sciencegateways,Veranstaltung
lovedataweek is getting close to an end but there s still time to invite you to take a look at the recordings of the nwo openscience in practice webinars to hear about the sharing of qualitative data and interoperable open data among other topics https www nwo nl en open science practice webinar serieswe featured many interesting speakers including egonw ludowaltman jscaux rogierk many of the projects funded through the nwo opensciencefund are related to opendata and fairdata https www nwo nl en researchprogrammes open science open science fund open science fund awarded grants,Veranstaltung
newspecies a newly discovered fungus from mexico for fungifriday xerocomellus perezmorenoiholotype unamtreatment http treatment plazi org id fcc d ffcf ff ff d fdb publication http doi org phytotaxa phytotaxa fairdata science ecology nature biodiversity conservation fungi mushrooms mycology china,Publikation
newspeciesnew stag beetle from china just nipped us lucanus niutreatment http treatment plazi org id ab fc fff ffe ff a fe fe b a publication http doi org fee fareasternentomologist fairdata science ecology biodiversity nature conservation insects entomology beetles bugs china,Publikation
newspecies new polychaete worm from the philippines just came in chloeia bemisaeholotype florida museumtreatment http treatment plazi org id c ffea d ff ad dfbb publication http doi org zootaxa zootaxa fairdata science nature ecology biodiversity conservation worms annelida,Publikation
newspecies new vampire catfish from peru just swam by paracanthopoma satanicatreatment http treatment plazi org id a a c ffee fc fc e aa publication http doi org pap isavulsosdezoologia fairdata science nature ecology biodiversity conservation fish catfish vampire satan ichthyology peru,Publikation
newspecies new fly from europe just flew in periscelis laszloitreatment http treatment plazi org id a b ff ffc ff c fda f apublication http doi org aemnp actaentomologicamuseinationalispragae fairdata science biodiversity nature conservation insects entomology flies fly europe,Publikation
if you love your data a pid and metadata is the greatest gift you can give it that s why britta dreyer will talk about persistentidentifiers at the hmcfairfriday today sign up now join this event on the last day of the lovedataweek https helmholtz metadaten de en events hmc fair friday with britta dreyer lovedata doi researchdata openscience openresearch fairdata helmholtz helmholtzopenscienceoffice,Veranstaltung
newspecies gladiolus siirtensisa newly discovered iridaceae from turkey treatment http treatment plazi org id f ff b f ff e f a bfb publication http doi org phytotaxa phytotaxa fairdata science nature biodiversity conservation botany wildflowers flowers plants,Publikation
newspecies new ant from thailand just crept in lepisiota siamensistreatment http treatment plazi org id b f d fff ff a fef fe cpublication http doi org fee fareasternentomologist fairdata science biodiversity nature conservation insects entomology ants myrmecology,Publikation
newspecies a newly discovered fungus from china for fungifriday collybiopsis bambusicolatreatment https treatment plazi org id d a b c f b ac eff f publication https doi org phytotaxa phytotaxa fairdata science nature biodiversity conservation fungi mushrooms mycology china,Publikation
newspecies new cross frog from indonesia just jumped in on frogfriday oreophryne chloropstreatment http treatment plazi org id a b e a a a c d b publication http doi org vz e vertebratezoology senckenbergworld fairdata science nature biodiversity conservation herpetology frogs herps amphibia indonesia,Publikation
looking forward to supporting the fair impact project through their high level advisory committee the project is expanding fair solutions across the eosc https fair impact eu hlac fair fairdata openscience openresearch eosc researchdata,Veranstaltung
today at pm our talk ethical aspects in research data management to lovedataweek lovedata in english online https agenda ub unibe ch de event researchdatamanagement ethics fairdata,Meinung
heute um uhr geht es los unser beitrag ethical aspects in research data management zur lovedataweek lovedata sprache englisch online https agenda ub unibe ch de event forschungsdatenmanagement ethik fairdata,Veranstaltung
submit a data paper manuscript describing datasets about organisms whose life cycles depend on soil if editors from pensoft s biodiversity data journal accept it finbif will pick up the apc deadline for submissions september https www gbif org news ekewxfndeh u vaubsg opendata fairdata biodiversity,Meinung
newspecies the world s largest cave fish discovered in india neolissochilus pnartreatment http treatment plazi org id f cc d ca a ab af publication http doi org vz e vertebratezoology senckenbergworld fairdata science nature ecology biodiversity conservation fish ichthyology cave cavespecies cavebiology caveecology india,Publikation
newspeciesnew snorkel snail from thailand just snorkeled by rhiostoma lannaenseholotype chulalongkorn universitytreatment http treatment plazi org id df b f fff b cd cdcd publication http doi org zookeys zookeys fairdata science nature biodiversity conservation snail snorkeling thailand,Publikation
newspecies new millipede from tunisia just tiptoed by ommatoiulus ktariiholotype naturhistorisches museum wientreatment http treatment plazi org id e df ff ff fb dba dfe original paper http doi org zootaxa zootaxa fairdata science nature biodiversity conservation millipede tunisia,Publikation
newspecies carex siguanabaea newly discovered sedge from el salvador holotype pablo de olavidetreatment http treatment plazi org id a ffff f c a f fe fe publication http doi org phytotaxa phytotaxa fairdata science nature biodiversity conservation botany wildflowers flowers wildplants plants elsalvador,Publikation
newspecies new squat lobster from indian ocean just flushed in typhlonida milinditreatment http treatment plazi org id c ffad ff ff a b fdfde fc coriginal paper http doi org zootaxa zootaxa fairdata science nature conservation biodiversity decapoda crustaceae lobster indianocean ocean deepsea,Publikation
newspecies new stalk eyed fly from angola just flew in centrioncus crassifemurholotype nhm londontreatment http treatment plazi org id c d b f c c d original paper http doi org zookeys zookeys fairdata science nature conservation biodiversity insects entomology bugs flies fly angola,Publikation
newspecies ranunculus maoxianensisa newly discovered ranunculaceae from china treatment http treatment plazi org id a f c a fd e aeoriginal paper http doi org phytokeys phytokeys fairdata science nature biodiversity conservation botany wildflowers flowers wildplants plants china,Publikation
thinking about what would be the more revealing question how fair enabling are your practices currently vs how fair disabling are your practices currently might be easier to look at those principles and think what s stopping us doing these rather than how much do we do in alignment with them fairdata openscience,Veranstaltung
in a guest blog for us mathew abrams director of science training incf describes how fairsharing is part of their formal procedure for evaluation endorsement of communitystandards https blog fairsharing org p fairsharingcommunitychampion researchdataalliance researchdataallianceeurope eosc eoscfuture fairdata fairstandards fairneuroscience neuroscience,Veranstaltung
congratulations to our us based archaeological digital archive nice to see the recognition rt digarcrecwe re excited to announce that tdar is the recipient of saaorg s award for excellence in curation and collections management archaeology fairdata https twitter com digarcrec status,Veranstaltung
neuhier newhere hello everyone we would love to join the party and network with you around researchdatarepositories and all related topics find your favorite repository at https www re data org most toots are by ninaweis re data research data repositories researchdata rdm openinfrastructure fairdata opendata metadata openscience,Veranstaltung
philagra bimaculatacollected in with a light trapdescribed and published in zootaxa in treatment added to treatmentbank http treatment plazi org id cb eb d c afc fa d cafcc and mediated to gbif by plazithis process can be automated if the data is published as fairdata,Publikation
newspecies a newly discovered fungus from china for fungifriday physisporinus yunnanensistreatment http treatment plazi org id ff e ff a fab f d original paper http doi org phytotaxa phytotaxa fairdata science nature conservation biodiversity fungi mushrooms china,Publikation
newspeciesnew snorkel snail from thailand just crept in rhiostoma breviocollarholotype chulalongkorn universitytreatment http treatment plazi org id a a a dd e a c d c original paper http doi org zookeys zookeys fairdata science nature conservation biodiversity snail snorkel gastropods mollusc thailand,Publikation
newspeciesnew rove beetle from brazil just showed up euryachen seuzeitreatment http treatment plazi org id a f ffe ffcf ae fd b foriginal paper http doi org zootaxa zootaxa fairdata science nature conservation biodiversity insects entomology bugs beetles rovebeetles brazil,Publikation
newspeciesnew gecko from india just flitted by cnemaspis pachaimalaiensistreatment http treatment plazi org id e c cad d a a ac a de original paper http doi org vz e vertebratezoology fairdata science nature biodiversity conservation herps herpetology gecko lizard reptiles india,Publikation
new frog from ecuador named after seth macfarlane just jumped in on frogfriday hyloscirtus sethmacfarlaneitreatment http treatment plazi org id d b a ec fa fd f original paper http doi org peerj peerjpublishing fairdata nature biodiversity conservation herpetology frogs herps amphibia ecuador,Meinung
newspeciesnew deep sea mollusc from pacific ocean just opened parathyasira paulitreatment http treatment plazi org id f b d ff b d da fc ac eoriginal paper http doi org ejt ejtaxonomy fairdata nature biodiversity conservation malacology mollusc bivalvia deepsea pacific ocean,Publikation
newspecies new darkling beetle from china just sneaked in solskyia lhozhagatreatment http treatment plazi org id d a ab c d ca ca original paper http doi org zookeys zookeys journal fairdata biodiversity nature conservation bugs beetles insects entomology china,Publikation
newspecies aubrieta birolmutluia newly discovered brassicaceae from turkey treatment http treatment plazi org id d e b ffa acb c fb f eoriginal paper http doi org phytotaxa phytotaxa fairdata nature biodiversity conservation botany wildflowers flowers wildplants plants turkey,Publikation
good recommendations in ke report on pids like how they are tailored to specific levels some a little aspirational but mostly specific and realistic also liked the interviews again you know the people that know it s not the quality stamp it is just a freaking identifier right ulrich herb pablo de castro laura rothfritz joachim sch pfel building the plane as we fly it the promise of persistent identifiers zenodo https doi org zenodo pids fairdata openscience,Veranstaltung
apparently there is one spot left on this excellent open science starter kit could be yours lucky people scroll down to start your own osc twelve weeks long starts march http osc international com openscience fairdata,Veranstaltung
norf data stewardship network is hiring the network is looking for an ra with a good understanding of research landscape data stewardship open research and fair data flexible working possible university college cork ireland application through https ore ucc ie openresearch fairdata datastewardship,Veranstaltung
tweet foaf status one of the things i love about the characterization of fair data is that it makes no reference to any technology but if you try to do it you end up having one global reference point to another global reference using a global reference try to do that without re inventing rdf rdfs isdefinedby https twitter com workingontology status fairdata rdf,Veranstaltung
https medium com dallemang just load it into a graph database f a b just load it into a graph database considered harmful great article by dean allemang fairdata rdf publishfindmerge,Veranstaltung
newspecies new stream treefrog from ecuador named after tolkien just jumped in on frogfriday hyloscirtus tolkieniholotype museo de zoolog a lab zoolog a terrestre usfqtreatment http treatment plazi org id da a a d fa b da f f e original paper http doi org zookeys zookeys fairdata nature biodiversity conservation herpetology frogs herps amphibia ecuador,Publikation
newspeciesnew land snail from the himalaya just crept in bensonella hookiholotype nhmlondontreatment http treatment plazi org id f f ba ffce fe e fe fc original paper http doi org journalofnaturalhistory fairdata nature biodiversity conservation malacology snails,Publikation
newspecies new dorado from brazil just swam by salminus santositreatment http treatment plazi org id b ffb d ff d fee fcfeoriginal paper http doi org zootaxa zootaxa fairdata nature biodiversity conservation ichthyology dorados fish teamfish brazil,Publikation
newspecies new wasp from costa rica just flew in fortipalpa herediaholotype texas a m universitytreatment http treatment plazi org id fd ffbd ffb ff fd fc fe original paper http doi org zootaxa zootaxa fairdata biodiversity nature conservation insects entomology wasps texas usa,Publikation
newspecies castanopsis corallocarpusa newly discovered chinquapin from malaysia treatment http treatment plazi org id f f b a bf e c original paper http doi org phytokeys phytokeys fairdata nature biodiverstiy conservation trees plants malaysia,Publikation
newspecies new pilumnid crab from india just flushed in aniptumnus bijoyitreatment http treatment plazi org id e ffe ff f ff c cfaccoriginal paper http doi org zootaxa zootaxa fairdata nature biodiversity conservation crabs crustaceae india,Publikation
newspeciesnew predaceous diving beetle from china just showed up platynectes pangutreatment http treatment plazi org id f dc ffec ff c fda f a e eboriginal paper http doi org zootaxa zootaxa fairdata nature conservation biodiversity insects enotomology beetles china,Publikation
newspecies ceropegia stylesiia newly discovered apocynaceae from south africa treatment http treatment plazi org id b a ffbb ff ea edf fedforiginal paper http doi org phytotaxa phytotaxa fairdata nature biodiversity conservation botany wildflowers flowers flora southafrica,Publikation
newspecies new deep sea eelpout from pacific ocean just swam by pyrolycus jacotreatment http treatment plazi org id df a f b ffb e b f coriginal paper http doi org zootaxa zootaxa fairdata biodiversity nature conservation teamfish fish ichthyology pacific,Publikation
newspecies new amphipod from monterey bay california just swam in glossocephalus aurantiumholotype smithsoniantreatment http treatment plazi org id ba ffcc ff cfe fc original paper http doi org zootaxa zootaxa fairdata biodiversity nature conservation crustacea california montereybay usa,Publikation
newspecies new small carpenter bee from mexico just buzzed in ceratina raquelitaeholotype fcienciastreatment http treatment plazi org id b c b f bcf fc original paper http doi org zootaxa zootaxa fairdata biodiversity nautre conservation enotomology insects bees mexico,Publikation
odontophrynus toledoicollected on january st at rio mansodescribed and published in ejtaxonomy in treatment added to treatmentbank http treatment plazi org id b ffb ffef fe cfdea e e and mediated to gbif by plazithis process can be automated if the data is published as fairdata,Publikation
dice for eosc offers you the chance to apply for a set of digital services being made available free of charge by the european commission doi registration with datacite is one of them and your organization can apply now for one of the final spots to make fairdata a reality https www dice eosc eu call service requests please boost,Veranstaltung
jobs stellenangebote jobfairy openpositionwir suchen f r k ln im team fairdata and human information interaction eine n wissenschaftliche n mitarbeiter in doktorand in human computer interaction machinelearning entgeltgruppe tv l https www hidden professionals de hpv jobs gesis stellenangebot wissenschaftliche n mitarbeiter in doktorand in human computer interaction machine learning,Meinung
we evaluated the findability accessibility interoperability and re usability of repopsi meta data using the fairdata maturity model access the report on zenodo https doi org zenodo repopsi is our openaccess repository of psychological instruments at the lira laboratory for research of individual differences uni belgrade this self assessment test was part of the project financed by eosc future and rda europe you can find out more in my linkedin post https www linkedin com posts alelazic repopsi fairdata openscience activity kgtg,Veranstaltung
a new year and a new name but it s the same great award our call for nominees for the gbif gradresearchers award is now open two awards await two graduate researchers whose innovative investigations of biodiversity rely on opendata and fairdata from the gbif community national deadlines may apply ahead of our global deadline of june for complete details visit https www gbif org news gyloum ysyc otvgk y,Veranstaltung
register for the research data alliance european open science cloud ask me anything event series persistent identifiers on january https www scilifelab se event fairpoints fairpoints ask me anything ama fairdata,Veranstaltung
newspecies new gecko from new zealand just climbed in already is critically endangered hoplodactylus tohutreatment http treatment plazi org id af a d ffe bc fe efed fb boriginal paper http doi org zootaxa zootaxa fairdata nature biodiversity conservation herpetology gecko reptiles newzealand endangered,Publikation
newspeciesnew chiton from the indian ocean just released lepidochitona africanatreatment http treatment plazi org id d c ffed dc c ff d a d aoriginal paper http doi org zootaxa zootaxa fairdata nature biodiversity conservation chitons ocean,Publikation
newspecies new spider from japan just crept in micaria longimanatreatment http treatment plazi org id cc b ff fc c deb ff f e original paper http doi org specdiv speciesdiversity fairdata biodiversity conservation arachnids spiders arachnology japan,Publikation
newspecies new weevil from indonesia just roamed in pachyrhynchus faisalitreatment http treatment plazi org id b bc db d ffdb ff fdd ff cd original paper http doi org zootaxa zootaxa fairdata biodiverstiy nature conservation weevils insects entomology,Publikation
just cancelled three services online all had more than one before you go page that required scrolling to find a continue to cancel button two emphasized how i will lose access to data goes beyond dark pattern a dark practice i m increasingly irked by as i learn more about efforts like fairdata data visiting solid pods moving from application centric to data centric saas as often just saass service as a software substitute etc,Veranstaltung
newspecies new hairy hedgehog from the philippines snuck in podogymnura intermediaholotype field museumtreatment http treatment plazi org id c e e a ff ff c original paper http doi org zootaxa zootaxa fairdata nature biodiversity conservation hedgehog philippines mammals mammalogy,Publikation
newspecies centaurea lovriciia newly discovered asteraceae from croatia treatment http treatment plazi org id e f b d ef b b bb original paper http doi org phytokeys phytokeys fairdata biodiversity nature conservation botany wildflowers plants croatia,Publikation
newspecies new leech from dr congo just came in alboglossiphonia bunianatreatment http treatment plazi org id b ea cc f e a d original paper http doi org evolsyst evolutionarysystematics fairdata biodiversity nature conservation leeches worms congo,Publikation
newspecies new carder bee from turkmenistan just flew in anthidium turkmenistanicumtreatment http treatment plazi org id b f be a ffc e fd ff d original paper http doi org zenodo linzerbiologischebeitr ge fairdata nature biodiversity conservation wildbee insects entomology turkmenistan bees,Publikation
newspeciesnew fresh water snail from california just snuck in juga douglasiholotype smithsoniantreatment http treatment plazi org id cd b ffc ff c fefb b original paper http doi org ejt ejtaxonomy fairdata nature biodiversity conservation malacology snail california,Publikation
newspecies new cuckoo wasp from india just flew in trichrysis poseidoniatreatment http treatment plazi org id ae fe ffbb ffdc a fbe b afe aoriginal paper http doi org ejt ejtaxonomy fairdata biodiversity nature conservation insects wasps entomology,Publikation
newspecies lycoris insularisa newly discovered amaryllidaceae from china treatment http treatment plazi org id f c c b aa c d e doriginal paper http doi org phytokeys phytokeys fairdata nature biodiversity conservation wildflowers botany,Publikation
newspecies new planthopper from costa rica just jumped by haplaxius cotingatreatment http treatment plazi org id e ab ff ffda ff f fb fe ffe original paper http doi org zootaxa zootaxa fairdata nature biodiversity conservation insects planthopper entomology,Publikation
i enjoyed interviewing christophe blanchi of the dona foundation governing body for the handle system dois et al as part of researchdataalliance th anniversary events january is identifiers month have a listen https share transistor fm s e f https www rd alliance org plenaries events events e decade data e celebrating years rda rdas th anniversary events and machinecentricscience podcast fairdata persistentidentifiers pids,Meinung
newspeciesnew dwarf boa from ecuador just sidled by tropidophis cacuangoaetreatment http treatment plazi org id a b fdd fbc afc original paper http doi org ejt ejtaxonomy fairdata biodiverstiy nature conservation snakes boa reptiles ecuador,Publikation
newspeciesnew moss inhabiting flea beetle from china just walked in cangshanaltica marginatatreatment http treatment plazi org id a fffe e c f adfdee baoriginal paper http doi org zootaxa zootaxa fairdata nature conservation biodiversity beetles bugs,Publikation
newspecies aphyllorchis periactinanthaa newly discovered orchidaceae from thailand treatment http treatment plazi org id e e d b b a b b foriginal paper http doi org phytokeys phytokeys fairdata biodiversity nature conservation wildflowers botany orchids,Publikation
temnocephala catarinensisfound at parque nacional da serra do itaja described and published in zootaxa in treatment added to treatmentbank http treatment plazi org id b c a ffa a e ff e f befe fe and mediated to gbif by plazithis process can be automated if the data is published as fairdata,Publikation
studying reproducibility without improving it is as useful to scientists as ornithology is to birds openscience fairdata,Meinung
newspecies new sea snail from brazil just surfaced famelica pukuatreatment http treatment plazi org id a d ff de fc f original paper http doi org zoosystema v a zoosystema fairdata biodiversity nature conservation snails shells brazil wildlife,Publikation
newspeciesnew monkey beetle from italy just showed up hoplia asprumuntianatreatment http treatment plazi org id d d cc ff ffcf ff c d fe f original paper http doi org zootaxa zootaxa fairdata nature conservation biodiversity coleptera bugs insects italy,Publikation
newspecies quercus mangdenensisa newly discovered oak species from vietnam treatment http treatment plazi org id fa bd fa a f b b d original paper http doi org phytokeys phytokeys fairdata nature biodiversity conservation trees oak botany,Publikation
newspecies new moth from thailand just landed temnolopha paucusinotatreatment http treatment plazi org id c b d ffae ad b c fd fe d original paper http doi org zootaxa zootaxa fairdata biodiversity nature conservation mothsmatter moths,Publikation
newspecies a newly discovered fungus from china for fungifriday mycena chlorocyaneatreatment http treatment plazi org id de ba ff d f fef fb original paper http doi org phytotaxa phytotaxa fairdata nature conservation fungi mushrooms,Publikation
newspecies new spider from china just sneaked in lysiteles nanfengmiantreatment http treatment plazi org id e cdc b efe b c c d boriginal paper http doi org bdj e biodatajournal fairdata nature conservation arachnology spiders,Publikation
newspecies new gecko from india just climbed in cyrtodactylus ngopensisholotype mizoram universitytreatment http treatment plazi org id a ffc fc f fe dcd fd a dc original paper http doi org journalofnaturalhistory tandfonline fairdata biodiversity conservation nature gecko,Publikation
newspecies new slug from a tropical greenhouse of museo delle scienze in trento italy just crawled in barkeriella museensistreatment http treatment plazi org id f e d ffc d fa e c f original paper http doi org zoolinnean zlac zoologicaljournalofthelinneansociety fairdata biodiversity nature conservation mollusc snails,Publikation
newspecies polygonatum praecoxa newly discovered asparagaceae from china treatment http treatment plazi org id fd fc e b a bfea acf b original paper http doi org phytokeys phytokeys fairdata nature biodiversity botany wildflower sciencetwitter,Publikation
newspeciesnew pitviper from india just sidled by gloydius chambensistreatment http treatment plazi org id f a d ffd ff f c fa fcd bc original paper http doi org ejt ejtaxonomy fairdata biodiversity conservation,Publikation
this review of methods for making restricted access data fairdata finds that many must either be implemented before collection or require a high level of technical knowledge but they conclude focusing on metadata creation would allow nontechnical stakeholders to be comfortable publishing restricted data safely and making data that is already available fair https peerj com articles cs,Veranstaltung
if i wanted to publish an article relating to data stewardship are there any journals that people would recommend datasharing datastewardship fairdata openaccess,Veranstaltung
fairdata principlesfeel free to reuse licensed cc by heidi seibold,Veranstaltung
davidho not just the work life balance of scientists science would be infinitely better if there were hard money permanent positions for technicians and programmers bonus points if it s combined with a commitment to openscience opensource scientificsoftware researchsoftware fairdata datamanagement,Veranstaltung
machine actionability fairdata subsumes digital accessibility a y screen readers are machines,Veranstaltung
metadata includes references to other metadatadata includes references to other datametadata includes references to other data from the fairdata maturity model guidelines https zenodo org record y uaqo zb we re using to evaluate our repopsi repository haha i m fine openscience opendata openaccess,Veranstaltung
newspecies a newly discovered fungus from brazil for fungifriday macrolepiota capelariaetreatment http treatment plazi org id f ffcb d f ff c e fb doriginal paper http doi org phytotaxa phytotaxa fairdata nature biodiversity conservation fungi mushrooms mycology,Publikation
newspecies new tiger fly from lesotho just flew in on flyfriday coenosia curiosatreatment http treatment plazi org id c f ff b ff b e f fc coriginal paper http doi org zootaxa zootaxa fairdata nature biodiversity conservation flies diptera entomology,Publikation
newspeciesnew ground beetle from china just grounded chlaenius yinggelingensistreatment http treatment plazi org id ebd d bb a d d original paper http doi org zookeys zookeys journal fairdata nature conservation biodiversity coleoptera entomology,Publikation
newspecies gonolobus rumihuilcanusa newly discovered apocynaceae from ecuador holotype at universidad nacional de lojatreatment http treatment plazi org id af bd ff a ff ff b c fe foriginal paper http doi org phytotaxa phytotaxa fairdata nature biodiversity conservation botany wildflowers,Publikation
newspecies new land snail from australia just crawled in geminitor kullaensisholotype queensland museumtreatment http treatment plazi org id ce a d ffc ffd dcfa fa ff fc fcoriginal paper http doi org journalofnaturalhistory fairdata biodiversity nature conservation snails taxonomy,Publikation
newspecies new grasshopper from china just hopped by scelimena pyrromatreatment http treatment plazi org id b f d a a d ab fcd f original paper http doi org zootaxa zootaxa fairdata nature biodiversity conservation insects entomology,Publikation
newspecies diospyros tehnoa newly discovered ebenaceae from new guinea treatment http treatment plazi org id c d ffff fff ffae fc fceafd original paper http doi org ejb ejbotany fairdata nature biodiversity conservation botany wildflower,Publikation
newspecies new longhorn beetle from french guiana just tiptoed in colobothea batesiholotype at mus um national d histoire naturelle paristreatment http treatment plazi org id cb a d ffdf ffbc ff bd fd f original paper http doi org zootaxa zootaxa fairdata biodiversity nature conservation coleoptera,Publikation
newspecies new armored catfish from brazil just swam by hypostomus krikatiholotype at universidade federal do maranh otreatment http treatment plazi org id a f d e b bb fd acf fb coriginal paper http doi org zootaxa zootaxa fairdata nature biodiversity conservation teamfish fishfriday,Publikation
newspecies new bat from argentinia just fluttered in myotis barquezitreatment http treatment plazi org id cd f d f a dfdefc d ecoriginal paper http doi org vz e vertebratezoology senckenbergworld fairdata nature biodiversity conservation,Publikation
newspecies a newly discovered fungus from spain for fungifriday cortinarius insanustreatment http treatment plazi org id d a c ffef ff facdfb e original paper http doi org phytotaxa phytotaxa fairdata nature biodiversity conservation fungi,Publikation
the role of metadata and vocabulary standards in enabling scientific data interoperability a study of earth system science data facilities matthew s mayernik and yauheniya liapichhttps publishing escholarship umassmed edu jeslib article id fairdata,Meinung
it could be a good idea to make a rda research data alliance mastodon pack of accounts to follow for new arriving peoples natalieharrower hilaryhanahoe isn t it fairdata resdatall,Veranstaltung
machinefair rdfs subclassof fair rdfs comment the machine knows what you mean fair skos closematch fairdata pseudofairrdfs subclassof fair rdfs comment class of resources considered fair if they are at least human findable human accessible etc owl disjointwith machinefair,Veranstaltung
newspecies polycarpaea barbellataa newly discovered caryophyllaceae from indiatreatment http treatment plazi org id d da c cdoriginal paper http doi org phytokeys phytokeys fairdata nature biodiversity conservation botany wildflower,Publikation
pyrgulopsis madridensiscollected at the madrid falls presidio countydescribed and published in zootaxa in treatment added to treatmentbank http treatment plazi org id ac c ffb ffc cbe feb f be and mediated to gbif by plazithis process can be automated if the data is published as fairdata,Publikation
newspecies new eyeless ragworm from the south china deep sea just surfaced nereis tricirratatreatment http treatment plazi org id ad ca e e b a cf original paper http doi org zookeys zookeys fairdata biodiversity nature conservation ragworms deepsea cop,Publikation
newspecies new forest lizard from hispaniola just scurried by guarocuyus jaraguanusholotype museo natural rdtreatment http treatment plazi org id f c e ff e ff f coriginal paper http doi org zootaxa zootaxa fairdata nature biodiversity conservation herpetology lizard,Publikation
newspecies new millipede from vietnam just tiptoed by monographis thatsonensistreatment http treatment plazi org id f bc fa f acaoriginal paper http doi org zootaxa zootaxa fairdata biodiversity conservation nature,Publikation
newspecies new spider from china just sneaked in dolichognatha yuetreatment http treatment plazi org id d d aa e ff c ff febc fe aoriginal paper http doi org zs zoologicalsystematics fairdata nature biodiversity conservation arachnology arachnids spiders,Publikation
newspecies new triassic crown squamate just surfaced on fossilfridaycryptovaranoides microlaniusholotype nhm londontreatment http treatment plazi org id e ffb e fcfa a caceoriginal paper http doi org sciadv abq sciencemagazine fairdata biodiversity nature triassic,Publikation
did you know that linkahead enables you to adjust your data model on the fly adjust what you track in your experiments easily try it now in our demo https demo indiscale com entity datascience fdm fairdata,Veranstaltung
i am happy to share our researchdataalliance professionalising data stewardship ig report about current models of data stewardship the report includes the findings of our autumn global survey that sought to understand better the approaches organizations are currently taking to datastewardship report is available here https doi org rda researchdatamanagement fairdata openscience,Veranstaltung
the call for submissions for the iassist conference in philadelphia is still ongoing and the deadline for submissions is postponed to december we invite all submissions related to making social science data accessible we encourage submissions related to our theme diversity in research social justice from data openscience researchdatamanagement rdm fdm fairdata datafeminism diversity researchdatamanagement https iassistdata org conferences ia,Veranstaltung
seeing these presentations where folks talk explicitly about how they re implementing fair principles are really helpful there are a lot of ways to get to fairdata so understanding the way different organizations approach it helps inject new ideas into the conversation,Veranstaltung
this paper anouncement on resdatall blog romain david erinha ri in scireports eosclife an iterative and interdisciplinary categorisation process towards fairer digital resources for sensitive life sciences data semantic fairdata sensitive https doi org s zhttps www rd alliance org blogs eosc life paper interdisciplinary semantic between life science research infrastructures html,Veranstaltung
the dutch research council has announced three exciting job openings within the new openscience regieorgaan to help take a huge leap forward in funding for citizenscience openaccess and fairdata who will help us make the change from inside the system https www nwo nl vacatures promovendi beleidsmedewerker,Veranstaltung
newspecies a newly discovered fungus from india for fungifriday coprinopsis minutatreatment http treatment plazi org id dad ffe ff b fb a a fc original paper http doi org phytotaxa phytotaxa fairdata nature conservation fungi,Publikation
merry fishmas newspecies new sisorid catfish from india just swam by exostoma dhritiaetreatment http treatment plazi org id e ff b ec e a doriginal paper http doi org zootaxa zootaxa fairdata nature conservation ichthyology teamfish,Publikation
newspecies new burrowing toad from brazil just sneaked in on frogfriday odontophrynus toledoiholotype universidade estadual de campinastreatment http treatment plazi org id b ffb ffef fe cfdea e eoriginal paper http doi org ejt european journal of taxonomy fairdata nature,Publikation
newspecies new longhorn beetle from ecuador just prowled in nealcidion sublineatumtreatment http treatment plazi org id aa aff fffa dd eec fd d cd eoriginal paper http doi org zootaxa zootaxa fairdata nature biodiversity conservation ecologytwitter,Publikation
newspecies new bristle worm from the northeast atlantic just appeared terebellides lavesqueitreatment http treatment plazi org id d a c b e ea b original paper http doi org zookeys zookeys fairdata nature biodiversity conservation nature,Publikation
newspecies new gecko from thailand just clambered in cyrtodactylus kochangensistreatment http treatment plazi org id df b bbb c ebcd original paper http doi org zookeys zookeys fairdata biodiversity conservation,Publikation
corallocoris xishaensiscollected in in hainan province chinadescribed and published in zootaxa in treatment added to treatmentbank http treatment plazi org id c ffc cb ff afd c daand mediated to gbif by plazithis process can be automated if the data is published as fairdata,Publikation
newspecies coptis huanjiangensisa newly discovered ranunculaceae from chinatreatment http treatment plazi org id e ca a a b ad b f fc d original paper http doi org phytokeys phytokeys fairdata nature biodiversity conservation botany wildflower,Publikation
newspecies new squat lobster from india just crawled in raymunida shraddhananditreatment http treatment plazi org id d c a ffbf e f fef afcd bb original paper http doi org journalofnaturalhistory tandfonline fairdata nature conservation,Publikation
for papers where the authors gave the status of their data the odds of a data set being extant fell by per year in addition the odds that we could find a working e mail address for the first last or corresponding author fell by per year vines et al https doi org j cub datasharing data researchdata opendata fairdata,Meinung
golub fdm chemistry nfdi researchdatamanagement openbis is used a lot within eth zurich as it was created here and support is excellent it is free to use and mainly geared towards life science research it was originally developed as a lims for omics research and the eln was put on top of it at some point it does not support chemical structures or stoichiometry so it is not used by synthetic groups it offers a lot of functionally for adding meta data and linking data numerous groups from pharmaceutical science all branches of life science biologically oriented chemistry and even from chemical engineering are using it https openbis ch fairdata openscience eln,Veranstaltung
data published in scholarly literature is normally considered as high quality data hence the data published in the literature is of special value to researchers and to science as a whole therefore it needs much more attention and exploration in the internet era compared to when text annotation and extraction tools did not exist https riojournal com article biodiversity textmining fairdata,Veranstaltung
newspeciesnew crown of throns sea star from the red sea just surfaced acanthaster benzieiholotype staatliche naturwissenschaftliche sammlungen bayernstreatment http treatment plazi org id b b ff aeae e dfe f c original paper http doi org zootaxa zootaxa fairdata nature biodiversity conservation,Publikation
newspecies new crane fly from japan just fluttered in ormosia komazawaiholotype kyushu universitytreatment http treatment plazi org id d fd ce cc a c ca original paper http doi org zookeys zookeys journal fairdata biodiversity nature conservation insects,Publikation
newspeciesnew non avian dinosaur from the upper cretaceous of mongulia just surfaced on fossilfriday natovenator polydontustreatment http treatment plazi org id a e ffd fc fba a original paper http doi org s communicationsbiology fairdata biodiversity nature teambird dinosaurs,Publikation
newspecies new subterranean breeding brown frog from japan just hopped in on frogfriday rana kyotoholotype kyoto universitytreatment http treatment plazi org id e a ffc ffda f a d cc eeoriginal paper http doi org zootaxa zootaxa fairdata biodiversity nature conservation frog,Publikation
newspecies a newly discovered mushroom from pakistan for fungifriday entoloma dirensisholotype university of the punjabtreatment http treatment plazi org id c ba ffa ccf d fd f doriginal paper http doi org phytotaxa phytotaxa fairdata biodiversity nature conservation fungi mushrooms,Publikation
himantolophus kalamicollected in at a depth of mdescribed and published in zootaxa in treatment added to treatmentbank http treatment plazi org id e ffed ff febffae f c and mediated to gbif by plazithis process can be automated if the data is published as fairdata,Publikation
newspecies new rove beetle from brasil just scrabbled in termitomorpha goeldianaholotype museu em lio goelditreatment http treatment plazi org id cb fffa ff d b d d e fd df original paper http doi org zootaxa zootaxa fairdata biodiversity nature conservation insects,Publikation
stellenangebot jobs jobfairy openpositionour team fairdata and human information interaction located in cologne is looking for a researchassociate informationretrieval datafindability salary group tv l up to limited to https www hidden professionals de hpv jobs gesis stellenangebot research associate information retrieval data findability lang en us,Veranstaltung
culturesai interesting question after sonja schimmler s talk about fairdata how can we measure fair data she suggests zu set up criteria tools to measure some of the fair principles if infrastructures support fairness but it s a long road to go nfdi culture opendata opensciece,Veranstaltung
newspecies new spring snail from texas just crawled in pyrgulopsis madridensisholotype academy of natural sciencestreatment http treatment plazi org id ac c ffb ffc cbe feb f be original paper http doi org zootaxa zootaxa fairdata biodiversity nature conservation,Publikation
newspeciesnew scorpion from greece just slunk by euscorpius simaiakisitreatment http treatment plazi org id b c ffeb dd ff fb cfcf original paper http doi org zoo zoodiversity fairdata biodiversity nature conservation scorpiones arachnology,Publikation
newspecies opuntia kingstonianaa newly discovered cactus from jamaica holotype smithsonian treatment http treatment plazi org id b d ffa fc ff fccdfbe original paper http doi org phytotaxa phytotaxa fairdata biodiversity nature conservation botany wildflower,Publikation
newspecies new weevil from malaysia just skulked by trigonopterus grimmiholotype naturkundemuseum stuttgarttreatment http treatment plazi org id c af f a aa e d a original paper http doi org zookeys zookeys fairdata nature conservation biodiversity,Publikation
newspecies new flatworm from brazil just appeared temnocephala catarinensistreatment http treatment plazi org id b c a ffa a e ff e f befe fe original paper http doi org zootaxa zootaxa fairdata biodiversity conservation nature sciencetwitter,Publikation
one more supercut from the fair digital objects conference really more fair okay https video leidenuniv nl media t lxco tfit really sounds like people are talking the same language videogrep fairdata fdo supercut,Meinung
excellent overview of the european research data landscape in this assessment by eu commission the share of researchers who store data in research data repositories and the uptake of fair principles remain low so efforts to raise awareness and general training are still essential opendata fairdata opensciencehttps op europa eu o opportal service download handler identifier b d a ed b f aa ed a format pdf language en productionsystem cellar part,Veranstaltung
we fair points are looking for moderators to help us with ask me anything ama style sessions w rda eosc go fair fdo and we will pay you please fill out this form if you are interested https docs google com forms d e faipqlsdvvjsmk f e m zxzauy jgaivk byocb i qixfjopjaw viewform fairdata openscience,Veranstaltung
the chemistry research data group of the research data alliance have created a bibliography of papers covering fair data in chemistry you can find this on zotero https www zotero org groups fair chemistry items uh u bi library fair fairdata chemistry rda,Veranstaltung
martateperek akademienl social camelcase for screen readers and case sensitive filters openscience fairdata fairdataday,Veranstaltung
inspiring and actionable take home message from kirsty merrett bristol the biggest impact you can have on openscience fairdata is getting consent to share data fairdataday,Veranstaltung
check out our new youtube video an introductory lesson on researchdatamanagement with jvddorpe twitter com lindstaedtb twitter com by aliaksandra twitter com and katharina markus with information on fundamental concepts in rdm discipline specific examples and more fairdatahttps www youtube com watch v qgzbzftg i,Veranstaltung
why don t we share data and code perceived barriers and benefits to public archiving practices this is a great detailed and informative article about data sharing the reasons why people don t do it and the benefits of doing it https doi org rspb data fairdata opendata datasharing,Veranstaltung
fair data sharing for uk bioscence research leaders from biordm training workshop for pis in the uk including those who shape local policy we cover why embrace good data management and fairdata how data tools improve productivity repositories data management plans the interactive carpentries style practical exercises discussion is longer than death by powerpoint but much more rewarding online dec free register https www eventbrite com e,Veranstaltung
curious about the scientificsoftware that we re developing at the iiasa energy climate environment program we re offering an internship months in the scenarioservices team on opensource tools for analysis dataviz like pyam iamc maybe relevant for students who are not yet sure whether to pursue a phd and would like to know more about bestpractice of scientificsoftware fairdata management https iiasa ac at employment job openings jh tqyi wh u nm agy q ovnphfke qs,Veranstaltung
hi all i help researchers and research program managers with metadata strategy i speak scientist eecs phd in nanofabrication developer mostly python and web tech and ontologist rdf and friends i m a huge fan of fair and knowledgegraphs i do a podcast on machine centric science https podcast polyneme xyz introduction fairdata,Veranstaltung
pidcasts podcasts about and or assigned persistent identifiers pids gupris identifiers fairdata,Veranstaltung
towards making fairness built in during data capture vs bolt on when preparing to share publish externally ross s ballsun stanton b cassidy s crook p klump j sobotkova a fairer data through digital recording the faims mobile experience journal of computer applications in archaeology doi https doi org jcaa fairdata,Meinung
introduction hello my name is nadia i m a physicist and chemist by training leading a bioimaging and data analysis core unit at the centre for genomic regulation in barcelona spain i joined mathstodon xyz to start anew and see the world from a different perspective i will be posting about bioimaging bioimage dataanalysis and cycling looking forward to discussions and the exchange of ideas microscopy openscience opensource fairdata welcometomastodon welcometomathstodon,Veranstaltung
many countries are monitoring covid in wastewater e g jeffgilchrist kiwijo global news covidpoops twitter com scotland s ww programme has had nationwide prevalence data since mid via scottishepa twitter com paper etc livia scorza in our bio rdm team curated the data methods etc for ww research making opendata fairdata with graeme cameron of sepa this thread explains the outputs after two releases in the past week pressrelease https www ed ac uk biology news events news scotland covid sewage data new health insights,Veranstaltung
newspecies new march fly from the oligocene of france just surfaced on fossilfridaydilophus cerestensistreatment http treatment plazi org id fd ff e ffd a f b fbbc eoriginal paper http doi org palaeoentomology palaeoentomology fairdata,Publikation
newspecies new endemic treefrog from papua new guinea just hopped in on frogfriday litoria insularistreatment http treatment plazi org id fff a f fa c a e cc foriginal paper http doi org vz e vertebratezoology fairdata,Publikation
astrodia duospinacollected in at a depth of mdescribed and published in zookeys in treatment added to treatmentbank http treatment plazi org id fc b bb e bb e a a ca c and mediated to gbif by plazithis process can be automated if the data is published as fairdata,Meinung
newspecies hippeastrum abatinguaraa newly discovered amaryllidaceae from braziltreatment http treatment plazi org id dbf ffa c ff d a doriginal paper http doi org phytotaxa phytotaxa fairdata nature biodiversity conservation botany wildflower,Publikation
newspecies new damselfly from brazil named after queenelizabethii just buzzed in forcepsioneura elizabethaetreatment http treatment plazi org id f d ffa ff befab original paper http doi org zootaxa zootaxa fairdata biodiversity nature conservation,Publikation
newspecies new freshwater crab from myanmar just sneaked in lobothelphusa bagoensistreatment http treatment plazi org id ec e ffd ff fc c fe f original paper http doi org rbz rafflesbulletinofzoology fairdata biodiversity nature conservation,Publikation
good day at work held a workshop in the morning with my colleagues at the heritage laboratory showing them how to use controlled vocabularies finding persistent ids and using zenodo afternoon i took part in a digital seminar for phd students on openscience and fairdata good discussions about the importance of doing right from the start and using standards,Veranstaltung
the call for submissions for the iassist conference in philadelphia is now open and the deadline for submissions is wednesday december theme diversity in research social justice from data openscience researchdatamanagement rdm fdm fairdata datafeminism researchdatamanagement https iassistdata org conferences iassist call for submissions,Veranstaltung
super excited to share that our project premise led by giovanni pizzi at psi has been approved as part of the ord initiative of the eth board focus on automation interoperability fairdata rdm and more by linking electronic lab books workflow management systems and instrument automation tools in experimental materialsscience and compchem press release at https nccr marvel ch news communication premise,Veranstaltung
on behalf of the tu researchdata team i would like to cordially invite you all to join our winter community meet up on december in person utrecht https community data tu nl fair data in science and engineering we promise a lot of networking collaboration and fun around fairdata and openscience hope to see you there,Veranstaltung
new new new the call for submissions for the iassist conference in philadelphia is now open and the deadline for submissions is wednesday december theme diversity in research social justice from data openscience researchdatamanagement rdm fdm fairdata datafeminism researchdatamanagement https iassistdata org conferences iassist call for submissions,Veranstaltung
time for an introduction my name is marta teperek i am director of tu researchdata and head of research data services at tudelft i am a researcher by training life sciences epigenomics developmental biology i care about researchintegrity reproducibleresearch fairdata openscience and collaboration instead of competition,Veranstaltung
so cool that account migration is a first class operation available after days since your last migration on mastodon donnywinston scholar social is now redirecting here donny fairpoints social all followers of that account were moved over i was able to export import via merge a csv with the accounts that my previous account was following and i have a json ld dump of all my toots a subset of which i may or may not re toot using this account fairdata,Veranstaltung
newspecies cleisostoma tatoniia newly discovered orchid from vietnam that is on the verge of complete extinction in nature treatment http treatment plazi org id fa f dd a f c c fa afe c d original paper http doi org phytotaxa phytotaxa fairdata conservation orchids wildflowers botany,Publikation
newspecies new hover fly from crete just hovered in milesia creticatreatment http treatment plazi org id b e c c f cb fbd original paper http doi org ejt ejtaxonomy fairdata biodiversity nature conservation diptera,Publikation
newspecies new sea snail from brazil just surfaced cochlespira notomaristreatment http treatment plazi org id cc aa fff ffa fc dfe d f coriginal paper http doi org pap isavulsosdezoologia fairdata nature biodiversity conservation,Publikation
newspeciesnew tarantula from china just creeped in chilobrachys qishuoitreatment http treatment plazi org id e f bd a be d c b original paper http doi org bdj e biodatajournal fairdata nature biodiversity conservation spider arachnology,Publikation
newspecies new rice frog from vietnam just hopped in microhyla xodangorumtreatment http treatment plazi org id df d ac fff ef d fbe fcf original paper http doi org ejt ejtaxonomy fairdata nature biodiversity conservation herpetology frog,Publikation
newspecies beilschmiedia weiia newly discovered lauraceae tree from china treatment http treatment plazi org id d bf ff eee fc dfe fd boriginal paper http doi org phytotaxa phytotaxa fairdata nature biodiversity conservation trees,Publikation
lets try introduction i m a data scientist via paleoecology a programmer in rstats python javascript and sql i work with the neotoma paleoecology database and really enjoy helping people do amazing science huge proponent of openscience and reproducibleresearch fairdata and all that good stuff,Veranstaltung
bumped into the what is a dataset question again today so going back to my working definition https blog ldodds com what is a dataset part a working definition opendata fairdata,Veranstaltung
newspeciesnew stinkworm from china just showed up on wormwednesday travisia amoyanustreatment http treatment plazi org id d ab f a coriginal paper http doi org zookeys zookeys fairdata biodiversity conservation nature annelida,Publikation
newspecies new spittlebug from tibet just tiptoed by philagra bimaculatatreatment http treatment plazi org id cb eb d c afc fa d cafcc original paper http doi org zootaxa zootaxa fairdata nature biodiversity conservation ecologytwitter insects,Publikation
newspeciesnew dusky salamander from great smoky mountains north carolina desmognathus adatsihitreatment http treatment plazi org id a c f f c ba f original paper http doi org zootaxa zootaxa fairdata biodiversity nature,Publikation
another supercut from the fair digital objects conference yeah but no https video leidenuniv nl media t tif l fbvideo content warning flashing images videogrep fairdata fdo supercut,Meinung
a lot of thinking went on at the fair digital objects conference last october https video leidenuniv nl media t l gvgtb fdo fairdata supercut,Meinung
the ukraine national open science plan is aimed to provide alignment with the horizon europe openscience policy openaccess fairdata increased transparency and creating regulatory and legal prerequisites for the shaping of the state policy of openscience,Veranstaltung
rt fairimpact eu in order to have fairdata the same researchdata requires technical legal semantic organisational interoperability we will promote interoperability mechanisms across domains to foster global alignment of fair frameworks in and eosc https fair impact eu wp interoperahttps twitter com fairimpact eu status s t ik yxhzqirclaaekioq rq researchdatamanagement,Veranstaltung
join us at our next event introducing community guidelines for sharing dataset quality information w drpengatavl https lyyti fi reg ge peng wednesday november utc see latest publication by dr ge peng on the topic https www nature com articles s x crosswalks among stewardship maturity assessment approaches promoting trustworthy fair data and repositories chriserdmann fairdata openscience opendata academic,Meinung
newspecies new cuckoo bee from canada just flew in epeolus emiliaeholotype royal sask museumtreatment http treatment plazi org id bc fb f ff b ea fa bfa afb boriginal paper http doi org zenodo insectamundi fairdata biodiversity nature conservation entomology insects,Publikation
and he s off wouterkoch fairdata,Meinung
kaitclark perspektivbrocken thank you for doing this could i be added as well keywords are disaster fairdata,Veranstaltung
kristina hettne my colleague at the centre for digital scholarship attended the st international conference on fair digital objects and recapped her impressions on some very promising conversations https www digitalscholarshipleiden nl articles future digital research data fairdata,Veranstaltung
newspeciesnew brittle star from the west pacific just surfaced astrodia duospinatreatment http treatment plazi org id fc b bb e bb e a a ca c original paper http doi org zookeys zookeys fairdata nature,Publikation
newspeciesnew spider from china just groveled in paraplectana magnaculatatreatment http treatment plazi org id d d aa ffb ff fa f b original paper http doi org zs zoologicalsystematics fairdata nature conservation spider arachnology,Publikation
my introduction i m daniel bangert national open research coordinator for ireland based at the digital repository of ireland i work on national open science policy development and implementation and coordinate ireland s national open research forum norf https norf ie interests openscience fairdata scholcomm openaccess digitalhumanities musicology music openaccess,Veranstaltung
alright found a better home here s another introduction i m brand new to mastodon following the demise of the bird app i m the data manager for nyu global ties for children research center a group dedicated to impacting research practice and policy for un sdg in crisis contexts i m particularly interested in fairdata practices with low connectivity i also love my ebike photography cooking and learning banjo i m going to try to get more global ties staff to join us here,Veranstaltung
at the scenarioservices team at the iiasa energy climate environment program we support energy climate modeling teams opensource tools for scenario analysis like the pyam iamc package share scenario ensembles such as ipcc ar ngfs following fairdata principles capacity building tutorials for better practices in modeling scientificsoftware developmentvisit https software ece iiasa ac at for more info,Veranstaltung
my social media philosophy work research on climatechange the sdgs scientificsoftware fairdata opensource freethemodels mostly english vienna politics related to my work expertise trying to stay clear of party politics mostly german random,Veranstaltung
hello chemtoots since we re doing introductions i m peter a computational chemist who enjoys telling experimental colleagues what to do especially those in rotational spectroscopy and heterogeneous catalysis when not doing compchem i love playing around with datascience finding ways use automation and fairdata to move chemistry towards the future passionate about opensource software currently working on getting my own group at tu berlin off of the ground,Veranstaltung
you have probably hear of fairdata but have you heard of inspiredata check out https inspire ec europa eu inspire principles,Veranstaltung
the tu association of german universities of technology invites datastewards sometimes also referred to as researchdataofficers research data handling officers data experts datacurators or datamanagers to a two day workshop on researchdatamanagement rdm in science and engineering the event will be held on in braunschweig https www tu braunschweig de ub tu data steward workshop registration and submission opendata fair fairdata,Veranstaltung
i m in landau today at the psychology department at unikold twitter com a new workshop day ahead today s topic from data to data publication rdm fdm openscience opendata fairdata,Veranstaltung
nfdi earth everyone talks while i have pb to handle hpc realities in the maelstrom oft fairdata,Veranstaltung
lambo i like the term libraries showing my age as a person who coined this do you have any idea why libraries science never got of the ground or less aged interactivescience it would have the advantage over openscience of not helping the surveillance of science selling themselves as an open science program and it would include stuff like fairdata which is orthogonal to opendata it is also important for closed data and helpful in promoting collaboration interaction,Meinung
hi all i help applied energy researchers with metadata strategy i speak scientist eecs phd in nanofabrication developer mostly python and web tech and ontologist rdf and friends i m a huge fan of fair and knowledge graphs i do a podcast on machine centric science https podcast polyneme xyz introduction fairdata,Veranstaltung
to help some of the newcomers make connections name things that interest you but aren t in your profile as tags so they are searchable then boost this post or repeat its instructions so others know to do the same fairdata metadata careprinciples genderdatagap datafeminism,Veranstaltung
universitycollegelondon ucl are opening their new office for openscience and scholarship good on them and good to see the principles along with the promotion of collaboration and fairdata principles spreading furher every day https www ucl ac uk library news oct ucl office open science and scholarship science research,Veranstaltung
long shot but one of my fiends ex colleague is in limbo regarding jobs she is awesome at rstats and anything related to openscience fairdata image analysis and processing and bioinformatics if you hear about anything in and around meanjin brisbane or remote please let me know boosts encouraged,Veranstaltung
rt codatanews twitter comwebinar on writing an article with excellent supporting datathis presentation will introduce ways to interconnect your article and data in ways that make them most readily understood and useful by others topics include how to prepare data for presentation ensure data is well stewarded provide fair credit access through citation register https attendee gotowebinar com register science openscience opendata datascience codata fairdata,Veranstaltung
